﻿<?xml version="1.0" encoding="utf-8"?>
<feed xmlns="http://www.w3.org/2005/Atom">

  <id>urn:uuid:BE852556-BFC7-4AF2-82F3-F8A1CAF5C241</id>
  <title>Pantropy Server Manager Version Feed</title>
  <subtitle>This is the Pantropy Server Manager beta version feed.</subtitle>
  <link href="http://servermanagers.freeforums.net/" />
  <updated>2018-06-04T05:20:00Z</updated>

  <entry>
    <id>urn:uuid:61329823-7274-46F5-995D-FDB173F191D0</id>
    <title>1.0.11 (1.0.11.5)</title>
    <summary>1.0.11.5</summary>
    <link href="" />
    <updated>2018-06-04T05:20:00Z</updated>
    <content type="xhtml">
      <div xmlns="http://www.w3.org/1999/xhtml" style="font-family: Arial, Verdana, Helvetica, Sans-Serif;font-size: .8em;">
        <p>
          <u style="font-size: .9em;">CHANGE</u>
          <br/>
          <ul>
            <li>Mod Details - grid background changed to blue, if mod details could not be downloaded from steam. Private mods and mod that have been removed from steam workshop.</li>
          </ul>
        </p>
      </div>
    </content>
    <author>
      <name>bletch</name>
      <email>bletch1971@hotmail.com</email>
    </author>
  </entry>

  <entry>
    <id>urn:uuid:17DB0255-B43C-46D4-84B5-C658F9F6421D</id>
    <title>1.0.11 (1.0.11.4)</title>
    <summary>1.0.11.4</summary>
    <link href="" />
    <updated>2018-06-01T23:30:00Z</updated>
    <content type="xhtml">
      <div xmlns="http://www.w3.org/1999/xhtml" style="font-family: Arial, Verdana, Helvetica, Sans-Serif;font-size: .8em;">
        <p>
          <u style="font-size: .9em;">CHANGE</u>
          <br/>
          <ul>
            <li>QueryMaster - reverted changes, causing to many problems I cannot be bothered with.</li>
          </ul>
        </p>
      </div>
    </content>
    <author>
      <name>bletch</name>
      <email>bletch1971@hotmail.com</email>
    </author>
  </entry>

  <entry>
    <id>urn:uuid:FAD8BF06-F2B0-4CA3-AD20-687409902A0F</id>
    <title>1.0.11 (1.0.11.3)</title>
    <summary>1.0.11.3</summary>
    <link href="" />
    <updated>2018-06-01T11:50:00Z</updated>
    <content type="xhtml">
      <div xmlns="http://www.w3.org/1999/xhtml" style="font-family: Arial, Verdana, Helvetica, Sans-Serif;font-size: .8em;">
        <p>
          <u style="font-size: .9em;">CHANGE</u>
          <br/>
          <ul>
            <li>Rcon Window - changed the order the server status and player list is started.</li>
            <li>Rcon Window - added null reference checking for send command results.</li>
          </ul>
        </p>
      </div>
    </content>
    <author>
      <name>bletch</name>
      <email>bletch1971@hotmail.com</email>
    </author>
  </entry>

  <entry>
    <id>urn:uuid:324DEDB5-69AD-4127-9FCF-1E1643F9D177</id>
    <title>1.0.11 (1.0.11.2)</title>
    <summary>1.0.11.2</summary>
    <link href="" />
    <updated>2018-06-01T09:10:00Z</updated>
    <content type="xhtml">
      <div xmlns="http://www.w3.org/1999/xhtml" style="font-family: Arial, Verdana, Helvetica, Sans-Serif;font-size: .8em;">
        <p>
          <u style="font-size: .9em;">CHANGE</u>
          <br/>
          <ul>
            <li>QueryMaster - updated to latest version of querymaster library. Could cause problems with RCON window, online players when shutting down, and player counts.</li>
          </ul>
        </p>
      </div>
    </content>
    <author>
      <name>bletch</name>
      <email>bletch1971@hotmail.com</email>
    </author>
  </entry>

  <entry>
    <id>urn:uuid:A4AA4EFA-9708-48AD-B169-9A427ABD65C5</id>
    <title>1.0.11 (1.0.11.1)</title>
    <summary>1.0.11.1</summary>
    <link href="" />
    <updated>2018-05-31T06:00:00Z</updated>
    <content type="xhtml">
      <div xmlns="http://www.w3.org/1999/xhtml" style="font-family: Arial, Verdana, Helvetica, Sans-Serif;font-size: .8em;">
        <p>
          <u style="font-size: .9em;">CHANGE</u>
          <br/>
          <ul>
            <li>Mod Details - when the steam fetch fails, basic mod details are read from the local workshop cache file, if one exists.</li>
            <li>Mod Details - grid background changed to blue, if mod record is invalid.</li>
            <li>Mod Details - added mod fetch status message if failed.</li>
            <li>Out of Date Mods - changed to exclude mods that are invalid (no steam information).</li>
          </ul>
        </p>
      </div>
    </content>
    <author>
      <name>bletch</name>
      <email>bletch1971@hotmail.com</email>
    </author>
  </entry>

</feed>