﻿<?xml version="1.0" encoding="utf-8"?>
<feed xmlns="http://www.w3.org/2005/Atom">

  <id>urn:uuid:BE852556-BFC7-4AF2-82F3-F8A1CAF5C241</id>
  <title>Pantropy Server Manager Version Feed</title>
  <subtitle>This is the Pantropy Server Manager beta version feed.</subtitle>
  <link href="http://servermanagers.freeforums.net/" />
  <updated>2018-05-21T03:50:00Z</updated>

  <entry>
    <id>urn:uuid:9C8491CC-AE0F-461A-A47C-DCD952B238AA</id>
    <title>1.0.6 (1.0.6.5)</title>
    <summary>1.0.6.5</summary>
    <link href="http://servermanagers.freeforums.net/thread/31/1-5-test-build" />
    <updated>2018-05-21T03:50:00Z</updated>
    <content type="xhtml">
      <div xmlns="http://www.w3.org/1999/xhtml" style="font-family: Arial, Verdana, Helvetica, Sans-Serif;font-size: .8em;">
        <p>
          <u style="font-size: .9em;">CHANGE</u>
          <br/>
          <ul>
            <li>Import Profile - now imports to the current profile rather than creating a new profile and overwriting the current profile.</li>
            <li>User Settings - added reading user config settings from json file when loading.</li>
          </ul>
        </p>
      </div>
    </content>
    <author>
      <name>bletch</name>
      <email>bletch1971@hotmail.com</email>
    </author>
  </entry>

  <entry>
    <id>urn:uuid:3C3BF7F6-E0DB-408B-9EE8-82A6D51FE462</id>
    <title>1.0.6 (1.0.6.4)</title>
    <summary>1.0.6.4</summary>
    <link href="http://servermanagers.freeforums.net/thread/31/1-5-test-build" />
    <updated>2018-05-18T07:00:00Z</updated>
    <content type="xhtml">
      <div xmlns="http://www.w3.org/1999/xhtml" style="font-family: Arial, Verdana, Helvetica, Sans-Serif;font-size: .8em;">
        <p>
          <u style="font-size: .9em;">CHANGE</u>
          <br/>
          <ul>
            <li>Shutdown/Save Commands - moved them to the config file.</li>
          </ul>
        </p>
      </div>
    </content>
    <author>
      <name>bletch</name>
      <email>bletch1971@hotmail.com</email>
    </author>
  </entry>

  <entry>
    <id>urn:uuid:8E40E791-C4D3-4FF0-A96E-B90A395C2B93</id>
    <title>1.0.6 (1.0.6.3)</title>
    <summary>1.0.6.3</summary>
    <link href="http://servermanagers.freeforums.net/thread/31/1-5-test-build" />
    <updated>2018-05-17T12:00:00Z</updated>
    <content type="xhtml">
      <div xmlns="http://www.w3.org/1999/xhtml" style="font-family: Arial, Verdana, Helvetica, Sans-Serif;font-size: .8em;">
        <p>
          <u style="font-size: .9em;">CHANGE</u>
          <br/>
          <ul>
            <li>Current Version - the version is now updated regardless of if the server is running or not.</li>
          </ul>
        </p>
      </div>
    </content>
    <author>
      <name>bletch</name>
      <email>bletch1971@hotmail.com</email>
    </author>
  </entry>

  <entry>
    <id>urn:uuid:C8F33CD1-8D8E-4EA1-941C-358481D4E4AC</id>
    <title>1.0.6 (1.0.6.2)</title>
    <summary>1.0.6.2</summary>
    <link href="http://servermanagers.freeforums.net/thread/31/1-5-test-build" />
  <updated>2018-05-17T06:00:00Z</updated>
    <content type="xhtml">
      <div xmlns="http://www.w3.org/1999/xhtml" style="font-family: Arial, Verdana, Helvetica, Sans-Serif;font-size: .8em;">
        <p>
          <u style="font-size: .9em;">BUGFIX</u>
          <br/>
          <ul>
            <li>Server Status spamming - attempt #1 to fix the server status spam being sent to the discord plugin.</li>
          </ul>
          <u style="font-size: .9em;">CHANGE</u>
          <br/>
          <ul>
            <li>Server Stop process - changed the way the server stop process is done. It is now all threaded properly and should now close down the server within 30 seconds.</li>
            <li>Server Status - when performing the manual update, the 'Updating' server status should now remain until the update process is complete. This will also keep the update and start buttons disabled.</li>
          </ul>
        </p>
      </div>
    </content>
    <author>
      <name>bletch</name>
      <email>bletch1971@hotmail.com</email>
    </author>
  </entry>

  <entry>
    <id>urn:uuid:A4AA4EFA-9708-48AD-B169-9A427ABD65C5</id>
    <title>1.0.6 (1.0.6.1)</title>
    <summary>1.0.6.1</summary>
    <link href="http://servermanagers.freeforums.net/thread/31/1-5-test-build" />
    <updated>2018-05-15T02:10:00Z</updated>
    <content type="xhtml">
      <div xmlns="http://www.w3.org/1999/xhtml" style="font-family: Arial, Verdana, Helvetica, Sans-Serif;font-size: .8em;">
        <p>
          <u style="font-size: .9em;">BUGFIX</u>
          <br/>
          <ul>
            <li>Player List - fixed bug that would prevent loading the player list if the steam fetch caused a problem.</li>
            <li>Server Shutdown - when shutting down the server, if method progresses to #3 (CTRL-C), changed the code so that it no longer waits for it to finish.</li>
          </ul>
        </p>
      </div>
    </content>
    <author>
      <name>bletch</name>
      <email>bletch1971@hotmail.com</email>
    </author>
  </entry>

</feed>