﻿<?xml version="1.0" encoding="utf-8"?>
<feed xmlns="http://www.w3.org/2005/Atom">

  <id>urn:uuid:BE852556-BFC7-4AF2-82F3-F8A1CAF5C241</id>
  <title>Pantropy Server Manager Version Feed</title>
  <subtitle>This is the Pantropy Server Manager beta version feed.</subtitle>
  <link href="http://servermanagers.freeforums.net/" />
  <updated>2018-11-22T10:00:00Z</updated>

  <entry>
    <id>urn:uuid:A4AA4EFA-9708-48AD-B169-9A427ABD65C5</id>
    <title>1.0.15 (1.0.15.1)</title>
    <summary>1.0.15.1</summary>
    <link href="" />
    <updated>2018-11-22T10:00:00Z</updated>
    <content type="xhtml">
      <div xmlns="http://www.w3.org/1999/xhtml" style="font-family: Arial, Verdana, Helvetica, Sans-Serif;font-size: .8em;">
        <p>
          <u style="font-size: .9em;">CHANGE</u>
          <br/>
          <ul>
            <li>Game Map droplist - moved AlphaMap map to the gamedata file.</li>
          </ul>
          <font color="#ff0000">
            WARNING: Before you restart your servers, check that the Map Name is set correctly.
          </font>
        </p>
      </div>
    </content>
    <author>
      <name>bletch</name>
      <email>bletch1971@hotmail.com</email>
    </author>
  </entry>

</feed>