﻿<?xml version="1.0" encoding="utf-8"?>
<feed xmlns="http://www.w3.org/2005/Atom">

  <id>urn:uuid:BE852556-BFC7-4AF2-82F3-F8A1CAF5C241</id>
  <title>Pantropy Server Manager Version Feed</title>
  <subtitle>This is the Pantropy Server Manager beta version feed.</subtitle>
  <link href="http://servermanagers.freeforums.net/" />
  <updated>2020-03-13T03:00:00Z</updated>

  <entry>
    <id>urn:uuid:D9EB2212-C7FD-45F5-A3B2-D33B2DA78E1B</id>
    <title>1.0.22 (1.0.22.3)</title>
    <summary>1.0.22.3</summary>
    <link href="" />
    <updated>2020-03-13T03:00:00Z</updated>
    <content type="xhtml">
      <div xmlns="http://www.w3.org/1999/xhtml" style="font-family: Arial, Verdana, Helvetica, Sans-Serif;font-size: .8em;">
        <p>
          <u style="font-size: .9em;">CHANGE</u>
          <br/>
          <ul>
            <li>Server Monitor Window - Added the patch notes button.</li>
          </ul>
        </p>
      </div>
    </content>
    <author>
      <name>bletch</name>
      <email>bletch1971@hotmail.com</email>
    </author>
  </entry>

  <entry>
    <id>urn:uuid:CAA9EC54-6077-4E85-B9CC-A07612A027D2</id>
    <title>1.0.22 (1.0.22.2)</title>
    <summary>1.0.22.2</summary>
    <link href="" />
    <updated>2020-03-13T02:00:00Z</updated>
    <content type="xhtml">
      <div xmlns="http://www.w3.org/1999/xhtml" style="font-family: Arial, Verdana, Helvetica, Sans-Serif;font-size: .8em;">
        <p>
          <u style="font-size: .9em;">CHANGE</u>
          <br/>
          <ul>
            <li>Server Monitor Window - Added the application version check and update feature.</li>
          </ul>
        </p>
      </div>
    </content>
    <author>
      <name>bletch</name>
      <email>bletch1971@hotmail.com</email>
    </author>
  </entry>

  <entry>
    <id>urn:uuid:CE5219FC-C8C1-4684-AA5D-AE28C695D01E</id>
    <title>1.0.22 (1.0.22.1)</title>
    <summary>1.0.22.1</summary>
    <link href="" />
    <updated>2020-03-13T00:00:00Z</updated>
    <content type="xhtml">
      <div xmlns="http://www.w3.org/1999/xhtml" style="font-family: Arial, Verdana, Helvetica, Sans-Serif;font-size: .8em;">
        <p>
          <u style="font-size: .9em;">New</u>
          <br/>
          <ul>
            <li>Main Window - the main window now stores the height and width of the window.</li>
            <li>Main Window - new button (top right corner) to open the new Server Monitor window.</li>
            <li>Server Monitor Window - new window that shows all you servers in one form. Allows you to Start, Stop, Update/Verify and open the Player List or RCON Windows.</li>
            <li>Server Monitor Window - includes a button to create a shortcut on your desktop that can start the Server Monitor directly, without the server manager.</li>
          </ul>
        </p>
      </div>
    </content>
    <author>
      <name>bletch</name>
      <email>bletch1971@hotmail.com</email>
    </author>
  </entry>

</feed>