﻿<?xml version="1.0" encoding="utf-8"?>
<feed xmlns="http://www.w3.org/2005/Atom">

  <id>urn:uuid:BE852556-BFC7-4AF2-82F3-F8A1CAF5C241</id>
  <title>Pantropy Server Manager Version Feed</title>
  <subtitle>This is the Pantropy Server Manager beta version feed.</subtitle>
  <link href="http://servermanagers.freeforums.net/" />
  <updated>2020-03-08T00:00:00Z</updated>

  <entry>
    <id>urn:uuid:D8AD9F83-A7D0-49D8-905D-8F17164F2CBA</id>
    <title>1.0.20 (1.0.20.1)</title>
    <summary>1.0.20.1</summary>
    <link href="" />
    <updated>2020-03-08T00:00:00Z</updated>
    <content type="xhtml">
      <div xmlns="http://www.w3.org/1999/xhtml" style="font-family: Arial, Verdana, Helvetica, Sans-Serif;font-size: .8em;">
        <p>
          <u style="font-size: .9em;">BUGFIX</u>
          <br/>
          <ul>
            <li>Dialog forms - have fixed an issue where the dialog forms would open behind the current window.</li>
          </ul>
        </p>
      </div>
    </content>
    <author>
      <name>bletch</name>
      <email>bletch1971@hotmail.com</email>
    </author>
  </entry>

</feed>