﻿<?xml version="1.0" encoding="utf-8"?>
<feed xmlns="http://www.w3.org/2005/Atom">

  <id>urn:uuid:BE852556-BFC7-4AF2-82F3-F8A1CAF5C241</id>
  <title>Pantropy Server Manager Version Feed</title>
  <subtitle>This is the Pantropy Server Manager beta version feed.</subtitle>
  <link href="http://servermanagers.freeforums.net/" />
  <updated>2020-04-02T00:00:00Z</updated>

  <entry>
    <id>urn:uuid:C357FF87-3403-457F-8409-4D5E8079B85F</id>
    <title>1.0.25 (1.0.25.1)</title>
    <summary>1.0.25.1</summary>
    <link href="" />
    <updated>2020-04-02T00:00:00Z</updated>
    <content type="xhtml">
      <div xmlns="http://www.w3.org/1999/xhtml" style="font-family: Arial, Verdana, Helvetica, Sans-Serif;font-size: .8em;">
        <p>
          <u style="font-size: .9em;">BUGFIX</u>
          <br/>
          <ul>
            <li>Fixed the Auto-Restart Grace Period interval logic. It should work correctly now.</li>
          </ul>
          <u style="font-size: .9em;">CHANGE</u>
          <br/>
          <ul>
            <li>Global Settings - Auto-Restart section - added a note and fixed the tooltip.</li>
            <li>ru-RU Translation file updated. (thanks @varlonec)</li>
          </ul>
        </p>
      </div>
    </content>
    <author>
      <name>bletch</name>
      <email>bletch1971@hotmail.com</email>
    </author>
  </entry>

</feed>