﻿<?xml version="1.0" encoding="utf-8"?>
<feed xmlns="http://www.w3.org/2005/Atom">

  <id>urn:uuid:BE852556-BFC7-4AF2-82F3-F8A1CAF5C241</id>
  <title>Pantropy Server Manager Version Feed</title>
  <subtitle>This is the Pantropy Server Manager beta version feed.</subtitle>
  <link href="http://servermanagers.freeforums.net/" />
  <updated>2020-04-01T01:00:00Z</updated>

  <entry>
    <id>urn:uuid:746F65DB-8B6C-423A-8CA4-1AC6EFD8DA64</id>
    <title>1.0.24 (1.0.24.9)</title>
    <summary>1.0.24.9</summary>
    <link href="" />
    <updated>2020-04-01T01:00:00Z</updated>
    <content type="xhtml">
      <div xmlns="http://www.w3.org/1999/xhtml" style="font-family: Arial, Verdana, Helvetica, Sans-Serif;font-size: .8em;">
        <p>
          <u style="font-size: .9em;">CHANGE</u>
          <br/>
          <ul>
            <li>Tweaked logging settings.</li>
          </ul>
        </p>
      </div>
    </content>
    <author>
      <name>bletch</name>
      <email>bletch1971@hotmail.com</email>
    </author>
  </entry>

  <entry>
    <id>urn:uuid:275DBB73-C282-4690-A3A7-80B7E47A07F6</id>
    <title>1.0.24 (1.0.24.8)</title>
    <summary>1.0.24.8</summary>
    <link href="" />
    <updated>2020-04-01T00:00:00Z</updated>
    <content type="xhtml">
      <div xmlns="http://www.w3.org/1999/xhtml" style="font-family: Arial, Verdana, Helvetica, Sans-Serif;font-size: .8em;">
        <p>
          <u style="font-size: .9em;">CHANGE</u>
          <br/>
          <ul>
            <li>Tweaked logging settings.</li>
          </ul>
        </p>
      </div>
    </content>
    <author>
      <name>bletch</name>
      <email>bletch1971@hotmail.com</email>
    </author>
  </entry>

  <entry>
    <id>urn:uuid:7F8DEC54-B010-40B6-9075-C8FCE7C98C12</id>
    <title>1.0.24 (1.0.24.7)</title>
    <summary>1.0.24.7</summary>
    <link href="" />
    <updated>2020-03-31T02:00:00Z</updated>
    <content type="xhtml">
      <div xmlns="http://www.w3.org/1999/xhtml" style="font-family: Arial, Verdana, Helvetica, Sans-Serif;font-size: .8em;">
        <p>
          <u style="font-size: .9em;">CHANGE</u>
          <br/>
          <ul>
            <li>Tweaked logging settings.</li>
          </ul>
        </p>
      </div>
    </content>
    <author>
      <name>bletch</name>
      <email>bletch1971@hotmail.com</email>
    </author>
  </entry>

  <entry>
    <id>urn:uuid:486F2D0F-D907-4990-802D-5F618E239F7B</id>
    <title>1.0.24 (1.0.24.6)</title>
    <summary>1.0.24.6</summary>
    <link href="" />
    <updated>2020-03-31T01:00:00Z</updated>
    <content type="xhtml">
      <div xmlns="http://www.w3.org/1999/xhtml" style="font-family: Arial, Verdana, Helvetica, Sans-Serif;font-size: .8em;">
        <p>
          <u style="font-size: .9em;">CHANGE</u>
          <br/>
          <ul>
            <li>Tweaked logging settings.</li>
          </ul>
        </p>
      </div>
    </content>
    <author>
      <name>bletch</name>
      <email>bletch1971@hotmail.com</email>
    </author>
  </entry>

  <entry>
    <id>urn:uuid:525A7132-C9DF-417D-AF28-90F985853B77</id>
    <title>1.0.24 (1.0.24.5)</title>
    <summary>1.0.24.5</summary>
    <link href="" />
    <updated>2020-03-31T00:00:00Z</updated>
    <content type="xhtml">
      <div xmlns="http://www.w3.org/1999/xhtml" style="font-family: Arial, Verdana, Helvetica, Sans-Serif;font-size: .8em;">
        <p>
          <u style="font-size: .9em;">CHANGE</u>
          <br/>
          <ul>
            <li>Tweaked a few application setting values.</li>
          </ul>
        </p>
      </div>
    </content>
    <author>
      <name>bletch</name>
      <email>bletch1971@hotmail.com</email>
    </author>
  </entry>

  <entry>
    <id>urn:uuid:270A70F3-7659-4710-B0EB-8689911D4755</id>
    <title>1.0.24 (1.0.24.4)</title>
    <summary>1.0.24.4</summary>
    <link href="" />
    <updated>2020-03-29T04:00:00Z</updated>
    <content type="xhtml">
      <div xmlns="http://www.w3.org/1999/xhtml" style="font-family: Arial, Verdana, Helvetica, Sans-Serif;font-size: .8em;">
        <p>
          <u style="font-size: .9em;">CHANGE</u>
          <br/>
          <ul>
            <li>Updated all 3rd party libraries to latest versions.</li>
          </ul>
        </p>
      </div>
    </content>
    <author>
      <name>bletch</name>
      <email>bletch1971@hotmail.com</email>
    </author>
  </entry>

  <entry>
    <id>urn:uuid:9422006F-EB76-4225-9FFC-CE24FBF993F8</id>
    <title>1.0.24 (1.0.24.3)</title>
    <summary>1.0.24.3</summary>
    <link href="" />
    <updated>2020-03-29T03:00:00Z</updated>
    <content type="xhtml">
      <div xmlns="http://www.w3.org/1999/xhtml" style="font-family: Arial, Verdana, Helvetica, Sans-Serif;font-size: .8em;">
        <p>
          <u style="font-size: .9em;">CHANGE</u>
          <br/>
          <ul>
            <li>RCON Window - added adjustable player list, width is retained.</li>
          </ul>
        </p>
      </div>
    </content>
    <author>
      <name>bletch</name>
      <email>bletch1971@hotmail.com</email>
    </author>
  </entry>

  <entry>
    <id>urn:uuid:8C96EA59-D9F9-404C-B870-152B108F0981</id>
    <title>1.0.24 (1.0.24.2)</title>
    <summary>1.0.24.2</summary>
    <link href="" />
    <updated>2020-03-29T00:00:00Z</updated>
    <content type="xhtml">
      <div xmlns="http://www.w3.org/1999/xhtml" style="font-family: Arial, Verdana, Helvetica, Sans-Serif;font-size: .8em;">
        <p>
          <u style="font-size: .9em;">CHANGE</u>
          <br/>
          <ul>
            <li>Added missing settings to the support zip file generation.</li>
          </ul>
        </p>
      </div>
    </content>
    <author>
      <name>bletch</name>
      <email>bletch1971@hotmail.com</email>
    </author>
  </entry>

  <entry>
    <id>urn:uuid:C357FF87-3403-457F-8409-4D5E8079B85F</id>
    <title>1.0.24 (1.0.24.1)</title>
    <summary>1.0.24.1</summary>
    <link href="" />
    <updated>2020-03-27T00:00:00Z</updated>
    <content type="xhtml">
      <div xmlns="http://www.w3.org/1999/xhtml" style="font-family: Arial, Verdana, Helvetica, Sans-Serif;font-size: .8em;">
        <p>
          <u style="font-size: .9em;">NEW</u>
          <br/>
          <ul>
            <li>Global Setting - Added new Auto Restart section with options to enable/disable auto restart grace period.</li>
            <li>Starting a Server - when you server is started, it now records the last started time in your profiles.</li>
            <li>Auto-Restart - with the grace period option enabled, when the auto-restart process runs it will check if your server was started within the grace period and skip; otherwise it will restart as normal.</li>
          </ul>
        </p>
      </div>
    </content>
    <author>
      <name>bletch</name>
      <email>bletch1971@hotmail.com</email>
    </author>
  </entry>

</feed>