﻿<?xml version="1.0" encoding="utf-8"?>
<feed xmlns="http://www.w3.org/2005/Atom">

  <id>urn:uuid:BE852556-BFC7-4AF2-82F3-F8A1CAF5C241</id>
  <title>Pantropy Server Manager Version Feed</title>
  <subtitle>This is the Pantropy Server Manager release version feed.</subtitle>
  <link href="http://servermanagers.freeforums.net/" />
  <updated>2020-03-07T01:00:00Z</updated>

  <entry>
    <id>urn:uuid:E27DA119-DD66-403A-9A4B-80CE2ECDBDF5</id>
    <title>1.0.19 (1.0.19.1)</title>
    <summary>1.0.19.1</summary>
    <link href="" />
    <updated>2020-03-07T01:00:00Z</updated>
    <content type="xhtml">
      <div xmlns="http://www.w3.org/1999/xhtml" style="font-family: Arial, Verdana, Helvetica, Sans-Serif;font-size: .8em;">
        <p>
          <u style="font-size: .9em;">BUGFIX</u>
          <br/>
          <ul>
            <li>Game Data - fixed a bug that would prevent gamedata files from being loaded.</li>
          </ul>
        </p>
      </div>
    </content>
    <author>
      <name>bletch</name>
      <email>bletch1971@hotmail.com</email>
    </author>
  </entry>

  <entry>
    <id>urn:uuid:982C2AB5-B9FB-4E03-B0DD-92A77F24B4FB</id>
    <title>1.0.18 (1.0.18.2)</title>
    <summary>1.0.18.2</summary>
    <link href="" />
    <updated>2020-03-07T00:00:00Z</updated>
    <content type="xhtml">
      <div xmlns="http://www.w3.org/1999/xhtml" style="font-family: Arial, Verdana, Helvetica, Sans-Serif;font-size: .8em;">
        <p>
          <u style="font-size: .9em;">NEW</u>
          <br/>
          <ul>
            <li>Main Window - Added Game Data Window button to open a new Game Data window. Button is top right corner next to plugins button.</li>
            <li>Game Data Window - A new window that allows you to manage your game data files.</li>
          </ul>
        </p>
      </div>
    </content>
    <author>
      <name>bletch</name>
      <email>bletch1971@hotmail.com</email>
    </author>
  </entry>

  <entry>
    <id>urn:uuid:08170914-E821-4967-8FCD-8EDC59BEB118</id>
    <title>1.0.17 (1.0.17.1)</title>
    <summary>1.0.17.1</summary>
    <link href="" />
    <updated>2020-03-03T00:00:00Z</updated>
    <content type="xhtml">
      <div xmlns="http://www.w3.org/1999/xhtml" style="font-family: Arial, Verdana, Helvetica, Sans-Serif;font-size: .8em;">
        <p>
          <u style="font-size: .9em;">NEW</u>
          <br/>
          <ul>
            <li>Global Settings (Advanced) - added an option to enable/disable world save backups being performed when the server shuts down. For those of you who use other backup methods.</li>
          </ul>
        </p>
      </div>
    </content>
    <author>
      <name>bletch</name>
      <email>bletch1971@hotmail.com</email>
    </author>
  </entry>

  <entry>
    <id>urn:uuid:431C772B-4ACA-4FD4-AFB8-FC340EEC392D</id>
    <title>1.0.16 (1.0.16.1)</title>
    <summary>1.0.16.1</summary>
    <link href="http://servermanagers.freeforums.net/thread/9/downloads" />
    <updated>2019-11-01T00:00:00Z</updated>
    <content type="xhtml">
      <div xmlns="http://www.w3.org/1999/xhtml" style="font-family: Arial, Verdana, Helvetica, Sans-Serif;font-size: .8em;">
        <p>
          <u style="font-size: .9em;">BUGFIX</u>
          <br/>
          <ul>
            <li>Server File Details - Fixed a crashing bug caused by having a steamid that is not available or does not exist.</li>
          </ul>
        </p>
      </div>
    </content>
    <author>
      <name>bletch</name>
      <email>bletch1971@hotmail.com</email>
    </author>
  </entry>

  <entry>
    <id>urn:uuid:B549302A-59EE-4F40-996C-20E245B625C3</id>
    <title>1.0.15 (1.0.15.1)</title>
    <summary>1.0.15.1</summary>
    <link href="http://servermanagers.freeforums.net/thread/9/downloads" />
    <updated>2018-11-22T10:00:00Z</updated>
    <content type="xhtml">
      <div xmlns="http://www.w3.org/1999/xhtml" style="font-family: Arial, Verdana, Helvetica, Sans-Serif;font-size: .8em;">
        <p>
          <u style="font-size: .9em;">CHANGE</u>
          <br/>
          <ul>
            <li>Game Map droplist - moved AlphaMap map to the gamedata file.</li>
          </ul>
          <font color="#ff0000">
            WARNING: Before you restart your servers, check that the Map Name is set correctly.
          </font>
        </p>
      </div>
    </content>
    <author>
      <name>bletch</name>
      <email>bletch1971@hotmail.com</email>
    </author>
  </entry>

  <entry>
    <id>urn:uuid:044BF43E-BEC3-4F07-B5F7-FC6D846B4DF5</id>
    <title>1.0.14 (1.0.14.1)</title>
    <summary>1.0.14.1</summary>
    <link href="http://servermanagers.freeforums.net/thread/9/downloads" />
    <updated>2018-11-19T00:00:00Z</updated>
    <content type="xhtml">
      <div xmlns="http://www.w3.org/1999/xhtml" style="font-family: Arial, Verdana, Helvetica, Sans-Serif;font-size: .8em;">
        <p>
          <u style="font-size: .9em;">NEW</u>
          <br/>
          <ul>
            <li>Auto Update - Have added a delay settings to the auto-update for Sequential processing. The delay is in seconds (default 0) and will wait that number of seconds between each server update.</li>
          </ul>
          <u style="font-size: .9em;">CHANGE</u>
          <br/>
          <ul>
            <li>Main Window - Start position changed to 50,50.</li>
            <li>Server Status - removed server status call to offline WEB API.</li>
          </ul>
        </p>
      </div>
    </content>
    <author>
      <name>bletch</name>
      <email>bletch1971@hotmail.com</email>
    </author>
  </entry>

  <entry>
    <id>urn:uuid:2DB9133C-6A3B-47CF-B0AE-1B868F325DB6</id>
    <title>1.0.13 (1.0.13.1)</title>
    <summary>1.0.13.1</summary>
    <link href="http://servermanagers.freeforums.net/thread/9/downloads" />
    <updated>2018-08-16T00:00:00Z</updated>
    <content type="xhtml">
      <div xmlns="http://www.w3.org/1999/xhtml" style="font-family: Arial, Verdana, Helvetica, Sans-Serif;font-size: .8em;">
        <p>
          <u style="font-size: .9em;">CHANGE</u>
          <br/>
          <ul>
            <li>Download Location Changed - Have moved the server manager files to a new location for hosting.</li>
          </ul>
        </p>
      </div>
    </content>
    <author>
      <name>bletch</name>
      <email>bletch1971@hotmail.com</email>
    </author>
  </entry>

  <entry>
    <id>urn:uuid:2DB9133C-6A3B-47CF-B0AE-1B868F325DB6</id>
    <title>1.0.12 (1.0.12.4)</title>
    <summary>1.0.12.4</summary>
    <link href="http://servermanagers.freeforums.net/thread/9/downloads" />
    <updated>2018-06-13T00:00:00Z</updated>
    <content type="xhtml">
      <div xmlns="http://www.w3.org/1999/xhtml" style="font-family: Arial, Verdana, Helvetica, Sans-Serif;font-size: .8em;">
        <p>
          <u style="font-size: .9em;">BUGFIX</u>
          <br/>
          <ul>
            <li>MotD Interval - fixed the bug when enabling the MotD interval.</li>
          </ul>
          <u style="font-size: .9em;">CHANGE</u>
          <br/>
          <ul>
            <li>Auto-Shutdown/Restart - Have added days of week, so you can schedule your server to shutdown on one or more days.</li>
            <li>Server Files - Disabled file watcher when saving server files. Prevents double loading.</li>
            <li>Window Styles - fixed up some visual styles.</li>
          </ul>
        </p>
      </div>
    </content>
    <author>
      <name>bletch</name>
      <email>bletch1971@hotmail.com</email>
    </author>
  </entry>

  <entry>
    <id>urn:uuid:9C3DDAC2-4491-4FE4-A098-2CA6F34D0AED</id>
    <title>1.0.11 (1.0.11.5)</title>
    <summary>1.0.11.5</summary>
    <link href="http://servermanagers.freeforums.net/thread/9/downloads" />
    <updated>2018-06-04T05:20:00Z</updated>
    <content type="xhtml">
      <div xmlns="http://www.w3.org/1999/xhtml" style="font-family: Arial, Verdana, Helvetica, Sans-Serif;font-size: .8em;">
        <p>
          <u style="font-size: .9em;">CHANGE</u>
          <br/>
          <ul>
            <li>Mod Details - when the steam fetch fails, basic mod details are read from the local workshop cache file, if one exists.</li>
            <li>Mod Details - grid background changed to blue, if mod record is invalid.</li>
            <li>Mod Details - grid background changed to blue, if mod details could not be downloaded from steam. Private mods and mod that have been removed from steam workshop.</li>
            <li>Mod Details - added mod fetch status message if failed.</li>
            <li>Out of Date Mods - changed to exclude mods that are invalid (no steam information).</li>
            <li>Rcon Window - changed the order the server status and player list is started.</li>
            <li>Rcon Window - added null reference checking for send command results.</li>
          </ul>
        </p>
      </div>
    </content>
    <author>
      <name>bletch</name>
      <email>bletch1971@hotmail.com</email>
    </author>
  </entry>

  <entry>
    <id>urn:uuid:95AF8378-06E7-44F6-9278-31F004123264</id>
    <title>1.0.10 (1.0.10.1)</title>
    <summary>1.0.10.1</summary>
    <link href="http://servermanagers.freeforums.net/thread/9/downloads" />
    <updated>2018-05-27T23:30:00Z</updated>
    <content type="xhtml">
      <div xmlns="http://www.w3.org/1999/xhtml" style="font-family: Arial, Verdana, Helvetica, Sans-Serif;font-size: .8em;">
        <p>
          <u style="font-size: .9em;">BUGFIX</u>
          <br/>
          <ul>
            <li>Translations - Fixed the map name and branch names when changing languages.</li>
          </ul>
        </p>
      </div>
    </content>
    <author>
      <name>bletch</name>
      <email>bletch1971@hotmail.com</email>
    </author>
  </entry>

  <entry>
    <id>urn:uuid:2EFC7337-C652-4C09-92F8-68EDFADA4C0C</id>
    <title>1.0.9 (1.0.9.2)</title>
    <summary>1.0.9.2</summary>
    <link href="http://servermanagers.freeforums.net/thread/9/downloads" />
    <updated>2018-05-27T03:30:00Z</updated>
    <content type="xhtml">
      <div xmlns="http://www.w3.org/1999/xhtml" style="font-family: Arial, Verdana, Helvetica, Sans-Serif;font-size: .8em;">
        <p>
          <u style="font-size: .9em;">BUGFIX</u>
          <br/>
          <ul>
            <li>Processor Affinity - fixed bug with machines that have more than 32 processors.</li>
            <li>Processor Affinity - removed code that checks the LauncherArgs for Affinity. Affinity can be set using the Affinity window, or the LauncherArgs.</li>
            <li>Fix the bug when generating the support zip file.</li>
          </ul>
        </p>
      </div>
    </content>
    <author>
      <name>bletch</name>
      <email>bletch1971@hotmail.com</email>
    </author>
  </entry>

  <entry>
    <id>urn:uuid:2EFC7337-C652-4C09-92F8-68EDFADA4C0C</id>
    <title>1.0.8 (1.0.8.4)</title>
    <summary>1.0.8.4</summary>
    <link href="http://servermanagers.freeforums.net/thread/9/downloads" />
    <updated>2018-05-24T23:00:00Z</updated>
    <content type="xhtml">
      <div xmlns="http://www.w3.org/1999/xhtml" style="font-family: Arial, Verdana, Helvetica, Sans-Serif;font-size: .8em;">
        <p>
          <u style="font-size: .9em;">NEW</u>
          <br/>
          <ul>
            <li>Profile Tabs - added server status indicator buttons to the profile tabs for quick reference and ability to Start/Stop the server.</li>
            <li>
              Server Status Options - added two new options to the global settings.<br/>
              1. Enable Server Status Actions - will enabled/disable to ability to perform an action when clicking on the server status icon.<br/>
              2. Show Server Status Action Confirmation - will enabled/disable the display of a confirmation dialogue when an action is performed.
            </li>
          </ul>
          <u style="font-size: .9em;">CHANGE</u>
          <br/>
          <ul>
            <li>MotD Duration Label - fixed motd duration label format.</li>
            <li>Global Settings - fixed shutdown command option tooltip.</li>
            <li>Log folder creation - added exists check when creating the Logs folder.</li>
            <li>DotNet Framework updated</li>
          </ul>
          <br/>
          <font color="#1979e6">
            NOTE: There is a new version of the Discord plugin - 1.0.12.1.
          </font>
        </p>
      </div>
    </content>
    <author>
      <name>bletch</name>
      <email>bletch1971@hotmail.com</email>
    </author>
  </entry>

  <entry>
    <id>urn:uuid:6CE18339-6DF6-430F-9858-F32711BB6FEB</id>
    <title>1.0.7 (1.0.7.1)</title>
    <summary>1.0.7.1</summary>
    <link href="http://servermanagers.freeforums.net/thread/9/downloads" />
    <updated>2018-05-21T23:30:00Z</updated>
    <content type="xhtml">
      <div xmlns="http://www.w3.org/1999/xhtml" style="font-family: Arial, Verdana, Helvetica, Sans-Serif;font-size: .8em;">
        <p>
          <u style="font-size: .9em;">NEW</u>
          <br/>
          <ul>
            <li>Process Priority and Processor Affinity - added new priority and affinity entry fields.</li>
          </ul>
        </p>
      </div>
    </content>
    <author>
      <name>bletch</name>
      <email>bletch1971@hotmail.com</email>
    </author>
  </entry>

  <entry>
    <id>urn:uuid:62E48ED1-DCDF-4D39-A4EB-51B8D7707966</id>
    <title>1.0.6 (1.0.6.5)</title>
    <summary>1.0.6.5</summary>
    <link href="http://servermanagers.freeforums.net/thread/9/downloads" />
    <updated>2018-05-21T03:50:00Z</updated>
    <content type="xhtml">
      <div xmlns="http://www.w3.org/1999/xhtml" style="font-family: Arial, Verdana, Helvetica, Sans-Serif;font-size: .8em;">
        <p>
          <u style="font-size: .9em;">BUGFIX</u>
          <br/>
          <ul>
            <li>Player List - fixed bug that would prevent loading the player list if the steam fetch caused a problem.</li>
            <li>Server Status spamming - attempt #1 to fix the server status spam being sent to the discord plugin.</li>
          </ul>
          <u style="font-size: .9em;">CHANGE</u>
          <br/>
          <ul>
            <li>Server Stop process - changed the way the server stop process is done. It is now all threaded properly and should now close down the server within 30 seconds.</li>
            <li>Server Status - when performing the manual update, the 'Updating' server status should now remain until the update process is complete. This will also keep the update and start buttons disabled.</li>
            <li>Current Version - the version is now updated regardless of if the server is running or not.</li>
            <li>Shutdown/Save Commands - moved them to the config file.</li>
            <li>User Settings - added reading user config settings from json file when loading.</li>
          </ul>
        </p>
      </div>
    </content>
    <author>
      <name>bletch</name>
      <email>bletch1971@hotmail.com</email>
    </author>
  </entry>

  <entry>
    <id>urn:uuid:AF23AC70-FA38-4F69-B561-5CD17DDE4A1C</id>
    <title>1.0.5 (1.0.5.3)</title>
    <summary>1.0.5.3</summary>
    <link href="http://servermanagers.freeforums.net/thread/9/downloads" />
    <updated>2018-05-12T02:30:00Z</updated>
    <content type="xhtml">
      <div xmlns="http://www.w3.org/1999/xhtml" style="font-family: Arial, Verdana, Helvetica, Sans-Serif;font-size: .8em;">
        <p>
          <u style="font-size: .9em;">BUGFIX</u>
          <br/>
          <ul>
            <li>SteamCMD - added a bug fix to reduce the steamcmd error when changing/removing branches.</li>
          </ul>
          <u style="font-size: .9em;">CHANGE</u>
          <br/>
          <ul>
            <li>Icons - all icons have be cleaned up and updated.</li>
            <li>Message of the Day - Added a new Lines count. Will let you know how many lines the MotD is, and will turn red when you have exceeded the visible space in game.</li>
          </ul>
        </p>
      </div>
    </content>
    <author>
      <name>bletch</name>
      <email>bletch1971@hotmail.com</email>
    </author>
  </entry>

  <entry>
    <id>urn:uuid:DA9FC87F-0323-4302-ADB4-9CF9E47D2287</id>
    <title>1.0.4 (1.0.4.3)</title>
    <summary>1.0.4.3</summary>
    <link href="http://servermanagers.freeforums.net/thread/9/downloads" />
    <updated>2018-05-07T10:10:00Z</updated>
    <content type="xhtml">
      <div xmlns="http://www.w3.org/1999/xhtml" style="font-family: Arial, Verdana, Helvetica, Sans-Serif;font-size: .8em;">
        <p>
          <u style="font-size: .9em;">NEW</u>
          <br/>
          <ul>
            <li>
              Beta branch support now added to the server manager and works with the Manual and Auto update processes.<br/><br/>
              <font color="#1979e6">
                NOTE: This change affects the server cache and will force your server to perform an update when the next auto-update is run.
              </font>
            </li>
            <br/>
            <li>
              Message of the Day - added the ability to set the MotD and the broadcast interval.<br/><br/>
              <font color="#1979e6">
                NOTE: As the broadcast method only supports single line messages, if the MotD spans multiple lines, only the first line with be broadcast.
              </font>
            </li>
          </ul>
        </p>
      </div>
    </content>
    <author>
      <name>bletch</name>
      <email>bletch1971@hotmail.com</email>
    </author>
  </entry>

  <entry>
    <id>urn:uuid:D8F2431E-CBE8-4CF6-9BEE-4C867ADDBA71</id>
    <title>1.0.3 (1.0.3.5)</title>
    <summary>1.0.3.5</summary>
    <link href="http://servermanagers.freeforums.net/thread/9/downloads" />
    <updated>2018-05-06T00:00:00Z</updated>
    <content type="xhtml">
      <div xmlns="http://www.w3.org/1999/xhtml" style="font-family: Arial, Verdana, Helvetica, Sans-Serif;font-size: .8em;">
        <p>
          <u style="font-size: .9em;">BUGFIX</u>
          <br/>
          <ul>
            <li>Player List - Fixed player list showing players as Invalid.</li>
            <li>Player List - Fixed player list showing duplicate player profiles.</li>
            <li>Player List - removed players from list when the player profile no longer exists.</li>
          </ul>
        </p>
      </div>
    </content>
    <author>
      <name>bletch</name>
      <email>bletch1971@hotmail.com</email>
    </author>
  </entry>

  <entry>
    <id>urn:uuid:EACB60DA-73EC-4D34-A618-182B115B82D8</id>
    <title>1.0.2 (1.0.2.4)</title>
    <summary>1.0.2.4</summary>
    <link href="http://servermanagers.freeforums.net/thread/9/downloads" />
    <updated>2017-09-01T11:30:00Z</updated>
    <content type="xhtml">
      <div xmlns="http://www.w3.org/1999/xhtml" style="font-family: Arial, Verdana, Helvetica, Sans-Serif;font-size: .8em;">
        <p>
          <u style="font-size: .9em;">NEW</u>
          <br/>
          <ul>
            <li>Version Details Window - a new window to show the version updates.</li>
            <li>Player Profile Window - a new window to show the player's details, right-click a player in the player list to access it.</li>
          </ul>
          <u style="font-size: .9em;">UPDATES</u>
          <br/>
          <ul>
            <li>Server version is now updated each time the server status check is performed (approx every 5 seconds).</li>
          </ul>
        </p>
      </div>
    </content>
    <author>
      <name>bletch</name>
      <email>bletch1971@hotmail.com</email>
    </author>
  </entry>

  <entry>
    <id>urn:uuid:4edf1837-7d07-4b58-bab1-0c4459849cf7</id>
    <title>1.0.1 (1.0.1.26)</title>
    <summary>1.0.1.26</summary>
    <link href="http://servermanagers.freeforums.net/thread/9/downloads" />
    <updated>2018-04-30T00:00:00Z</updated>
    <content type="xhtml">
      <div xmlns="http://www.w3.org/1999/xhtml" style="font-family: Arial, Verdana, Helvetica, Sans-Serif;font-size: .8em;">
        <p>
          <u style="font-size: .9em;">NEW</u>
          <br/>
          <ul>
            <li>Very rough version for testing purposes only.</li>
          </ul>
        </p>
      </div>
    </content>
    <author>
      <name>bletch</name>
      <email>bletch1971@hotmail.com</email>
    </author>
  </entry>

</feed>