﻿<?xml version="1.0" encoding="utf-8"?>
<feed xmlns="http://www.w3.org/2005/Atom">

  <id>urn:uuid:BE852556-BFC7-4AF2-82F3-F8A1CAF5C241</id>
  <title>Pantropy Server Manager Version Feed</title>
  <subtitle>This is the Pantropy Server Manager beta version feed.</subtitle>
  <link href="http://servermanagers.freeforums.net/" />
  <updated>2018-05-07T10:10:00Z</updated>

  <entry>
    <id>urn:uuid:EF01FAD5-6D16-43BC-9CDA-EE5D8DA581F6</id>
    <title>1.0.4 (1.0.4.3)</title>
    <summary>1.0.4.3</summary>
    <link href="http://servermanagers.freeforums.net/thread/31/1-4-test-build" />
    <updated>2018-05-07T10:10:00Z</updated>
    <content type="xhtml">
      <div xmlns="http://www.w3.org/1999/xhtml" style="font-family: Arial, Verdana, Helvetica, Sans-Serif;font-size: .8em;">
        <p>
          <u style="font-size: .9em;">CHANGE</u>
          <br/>
          <ul>
            <li>Profiles - changed the way exclusions are passed to the config file load/save. Allows for whole sections to be excluded, rather than individual settings.</li>
          </ul>
        </p>
      </div>
    </content>
    <author>
      <name>bletch</name>
      <email>bletch1971@hotmail.com</email>
    </author>
  </entry>

  <entry>
    <id>urn:uuid:D79D30B5-F148-4A85-954C-369ADE7C83BF</id>
    <title>1.0.4 (1.0.4.2)</title>
    <summary>1.0.4.2</summary>
    <link href="http://servermanagers.freeforums.net/thread/31/1-4-test-build" />
    <updated>2018-05-07T06:10:00Z</updated>
    <content type="xhtml">
      <div xmlns="http://www.w3.org/1999/xhtml" style="font-family: Arial, Verdana, Helvetica, Sans-Serif;font-size: .8em;">
        <p>
          <u style="font-size: .9em;">NEW</u>
          <br/>
          <ul>
            <li>
              Message of the Day - added the ability to set the MotD and the broadcast interval.<br/><br/>
              <font color="#1979e6">
                NOTE: As the broadcast method only supports single line messages, if the MotD spans multiple lines, only the first line with be broadcast.
              </font>
            </li>
          </ul>
        </p>
      </div>
    </content>
    <author>
      <name>bletch</name>
      <email>bletch1971@hotmail.com</email>
    </author>
  </entry>

  <entry>
    <id>urn:uuid:179A2A11-81D7-4840-B99A-55A263733491</id>
    <title>1.0.4 (1.0.4.1)</title>
    <summary>1.0.4.1</summary>
    <link href="http://servermanagers.freeforums.net/thread/31/1-4-test-build" />
    <updated>2018-05-06T03:50:00Z</updated>
    <content type="xhtml">
      <div xmlns="http://www.w3.org/1999/xhtml" style="font-family: Arial, Verdana, Helvetica, Sans-Serif;font-size: .8em;">
        <p>
          <u style="font-size: .9em;">NEW</u>
          <br/>
          <ul>
            <li>
              Beta branch support now added to the server manager and works with the Manual and Auto update processes.<br/><br/>
              <font color="#1979e6">
                NOTE: This change affects the server cache and will force your server to perform an update when the next auto-update is run.
              </font>
            </li>
          </ul>
        </p>
      </div>
    </content>
    <author>
      <name>bletch</name>
      <email>bletch1971@hotmail.com</email>
    </author>
  </entry>

</feed>