﻿<?xml version="1.0" encoding="utf-8"?>
<feed xmlns="http://www.w3.org/2005/Atom">

  <id>urn:uuid:9EF03FB7-4958-4B39-808A-12B8E4008510</id>
  <title>Conan Server Manager Version Feed</title>
  <subtitle>This is the Conan Server Manager release version feed.</subtitle>
  <link href="http://servermanagers.freeforums.net/" />
  <updated>2018-05-30T00:30:00Z</updated>

  <entry>
    <id>urn:uuid:9776B7FA-7E33-47DC-8454-1E5812D76473</id>
    <title>1.0.8 (1.0.8.1)</title>
    <summary>1.0.8.1</summary>
    <link href="http://servermanagers.freeforums.net/thread/36/downloads" />
    <updated>2018-05-30T00:30:00Z</updated>
    <content type="xhtml">
      <div xmlns="http://www.w3.org/1999/xhtml" style="font-family: Arial, Verdana, Helvetica, Sans-Serif;font-size: .8em;">
        <p>
          <u style="font-size: .9em;">BUGFIX</u>
          <br/>
          <ul>
            <li>Translations - Fixed the map name and branch names when changing languages.</li>
            <li>Server Validation - Fixed the validation when the mod details could not be downloaded from steam.</li>
          </ul>
          <u style="font-size: .9em;">CHANGE</u>
          <br/>
          <ul>
            <li>Server Shutdown Countdown - have removed the 4 minute, 3 minute and 2 minute broadcasts. So after the 5 minute broadcast then next one is the 1 minute broadcast.</li>
          </ul>
        </p>
      </div>
    </content>
    <author>
      <name>bletch</name>
      <email>bletch1971@hotmail.com</email>
    </author>
  </entry>

  <entry>
    <id>urn:uuid:4B4FDA09-8A0F-4C44-9384-75F5EF2BC8FD</id>
    <title>1.0.7 (1.0.7.2)</title>
    <summary>1.0.7.2</summary>
    <link href="http://servermanagers.freeforums.net/thread/36/downloads" />
    <updated>2018-05-27T03:30:00Z</updated>
    <content type="xhtml">
      <div xmlns="http://www.w3.org/1999/xhtml" style="font-family: Arial, Verdana, Helvetica, Sans-Serif;font-size: .8em;">
        <p>
          <u style="font-size: .9em;">BUGFIX</u>
          <br/>
          <ul>
            <li>Processor Affinity - fixed bug with machines that have more than 32 processors.</li>
            <li>Processor Affinity - removed code that checks the LauncherArgs for Affinity. Affinity can be set using the Affinity window, or the LauncherArgs.</li>
            <li>Fix the bug when generating the support zip file.</li>
          </ul>
          <u style="font-size: .9em;">NEW</u>
          <br/>
          <ul>
            <li>Whitelist Server Files - Added new whitelist section to the server files. Creates the whitelist.txt file.</li>
            <li>Whitelist Filters - Added new whitelist filters to the RCON window and Player List Window.</li>
            <li>Whitelist Indicator - PLayers that are whitelisted now have a blue border around the player profile when offline.</li>
          </ul>
        </p>
      </div>
    </content>
    <author>
      <name>bletch</name>
      <email>bletch1971@hotmail.com</email>
    </author>
  </entry>

  <entry>
    <id>urn:uuid:201FEB6E-0EF4-4BBD-8368-D9C8C5AF1FDA</id>
    <title>1.0.6 (1.0.6.4)</title>
    <summary>1.0.6.4</summary>
    <link href="http://servermanagers.freeforums.net/thread/36/downloads" />
    <updated>2018-05-24T23:00:00Z</updated>
    <content type="xhtml">
      <div xmlns="http://www.w3.org/1999/xhtml" style="font-family: Arial, Verdana, Helvetica, Sans-Serif;font-size: .8em;">
        <p>
          <u style="font-size: .9em;">NEW</u>
          <br/>
          <ul>
            <li>Profile Tabs - added server status indicator buttons to the profile tabs for quick reference and ability to Start/Stop the server.</li>
            <li>
              Server Status Options - added two new options to the global settings.<br/>
              1. Enable Server Status Actions - will enabled/disable to ability to perform an action when clicking on the server status icon.<br/>
              2. Show Server Status Action Confirmation - will enabled/disable the display of a confirmation dialogue when an action is performed.
            </li>
          </ul>
          <u style="font-size: .9em;">CHANGE</u>
          <br/>
          <ul>
            <li>MotD Duration Label - fixed motd duration label format.</li>
            <li>Global Settings - fixed shutdown command option tooltip.</li>
            <li>Log folder creation - added exists check when creating the Logs folder.</li>
            <li>DotNet Framework updated</li>
          </ul>
          <br/>
          <font color="#1979e6">
            NOTE: There is a new version of the Discord plugin - 1.0.12.1.
          </font>
        </p>
      </div>
    </content>
    <author>
      <name>bletch</name>
      <email>bletch1971@hotmail.com</email>
    </author>
  </entry>

  <entry>
    <id>urn:uuid:179FDCE4-029F-4253-B531-0BF7619FF65F</id>
    <title>1.0.5 (1.0.5.1)</title>
    <summary>1.0.5.1</summary>
    <link href="http://servermanagers.freeforums.net/thread/36/downloads" />
    <updated>2018-05-21T23:30:00Z</updated>
    <content type="xhtml">
      <div xmlns="http://www.w3.org/1999/xhtml" style="font-family: Arial, Verdana, Helvetica, Sans-Serif;font-size: .8em;">
        <p>
          <u style="font-size: .9em;">BUGFIX</u>
          <br/>
          <ul>
            <li>Admin Password - fixed the bug that would prevent the admin password being written to the ServerSettings.ini file.</li>
          </ul>
          <u style="font-size: .9em;">NEW</u>
          <br/>
          <ul>
            <li>Process Priority and Processor Affinity - added new priority and affinity entry fields.</li>
          </ul>
        </p>
      </div>
    </content>
    <author>
      <name>bletch</name>
      <email>bletch1971@hotmail.com</email>
    </author>
  </entry>

  <entry>
    <id>urn:uuid:E0D7D9C4-ECDD-4681-8D80-AF4238377B2E</id>
    <title>1.0.4 (1.0.4.4)</title>
    <summary>1.0.4.4</summary>
    <link href="http://servermanagers.freeforums.net/thread/36/downloads" />
    <updated>2018-05-21T03:50:00Z</updated>
    <content type="xhtml">
      <div xmlns="http://www.w3.org/1999/xhtml" style="font-family: Arial, Verdana, Helvetica, Sans-Serif;font-size: .8em;">
        <p>
          <u style="font-size: .9em;">NEW</u>
          <br/>
          <ul>
            <li>Import Profile - new imports button to import existing servers to the current profile.</li>
            <li>MotD - Message of the Day added with an interval timer that will broadcast it in game.</li>
            <li>Kick AFK Settings - added Kick AFK percentage/time server settings.</li>
            <li>User Settings - added reading user config settings from json file when loading.</li>
          </ul>
        </p>
      </div>
    </content>
    <author>
      <name>bletch</name>
      <email>bletch1971@hotmail.com</email>
    </author>
  </entry>

  <entry>
    <id>urn:uuid:91B72A9C-84C9-47AE-A9C6-1E3565CA102A</id>
    <title>1.0.3 (1.0.3.1)</title>
    <summary>1.0.3.1</summary>
    <link href="http://servermanagers.freeforums.net/thread/36/downloads" />
    <updated>2018-05-19T10:40:00Z</updated>
    <content type="xhtml">
      <div xmlns="http://www.w3.org/1999/xhtml" style="font-family: Arial, Verdana, Helvetica, Sans-Serif;font-size: .8em;">
        <p>
          <u style="font-size: .9em;">BUGFIX</u>
          <br/>
          <ul>
            <li>RCON Window - fixed the SQLite error, missing interop files are now deployed.</li>
            <li>RCON Window - player list is now properly populated.</li>
          </ul>
        </p>
      </div>
    </content>
    <author>
      <name>bletch</name>
      <email>bletch1971@hotmail.com</email>
    </author>
  </entry>

  <entry>
    <id>urn:uuid:CEC7E44F-F552-4CB0-8EBC-4122347D4B1A</id>
    <title>1.0.2 (1.0.2.2)</title>
    <summary>1.0.2.2</summary>
    <link href="http://servermanagers.freeforums.net/thread/36/downloads" />
    <updated>2018-05-19T02:50:00Z</updated>
    <content type="xhtml">
      <div xmlns="http://www.w3.org/1999/xhtml" style="font-family: Arial, Verdana, Helvetica, Sans-Serif;font-size: .8em;">
        <p>
          <u style="font-size: .9em;">BUGFIX</u>
          <br/>
          <ul>
            <li>MOD Path - manual and auto updates now use the same path method.</li>
          </ul>
          <u style="font-size: .9em;">CHANGE</u>
          <br/>
          <ul>
            <li>Shutdown/Save Commands - moved them to the config file.</li>
          </ul>
        </p>
      </div>
    </content>
    <author>
      <name>bletch</name>
      <email>bletch1971@hotmail.com</email>
    </author>
  </entry>

  <entry>
    <id>urn:uuid:5E30B739-D598-4E69-AB14-361B2676447A</id>
    <title>1.0.1 (1.0.1.7)</title>
    <summary>1.0.1.7</summary>
    <link href="http://servermanagers.freeforums.net/thread/36/downloads" />
    <updated>2018-05-17T08:50:00Z</updated>
    <content type="xhtml">
      <div xmlns="http://www.w3.org/1999/xhtml" style="font-family: Arial, Verdana, Helvetica, Sans-Serif;font-size: .8em;">
        <p>
          <u style="font-size: .9em;">NEW</u>
          <br/>
          <ul>
            <li>Very rough version for testing purposes only.</li>
          </ul>
        </p>
      </div>
    </content>
    <author>
      <name>bletch</name>
      <email>bletch1971@hotmail.com</email>
    </author>
  </entry>

</feed>