﻿<?xml version="1.0" encoding="utf-8"?>
<feed xmlns="http://www.w3.org/2005/Atom">

  <id>urn:uuid:F9268CD1-3230-46A7-BD1D-023A2620A33B</id>
  <title>Conan Server Manager Version Feed</title>
  <subtitle>This is the Conan Server Manager beta version feed.</subtitle>
  <link href="http://servermanagers.freeforums.net/" />
  <updated>2018-05-30T00:30:00Z</updated>

  <entry>
    <id>urn:uuid:9B11FEBF-FD54-4C4F-B1A4-3A9CDBAEB311</id>
    <title>1.0.8 (1.0.8.1)</title>
    <summary>1.0.8.1</summary>
    <link href="" />
    <updated>2018-05-30T00:30:00Z</updated>
    <content type="xhtml">
      <div xmlns="http://www.w3.org/1999/xhtml" style="font-family: Arial, Verdana, Helvetica, Sans-Serif;font-size: .8em;">
        <p>
          <u style="font-size: .9em;">BUGFIX</u>
          <br/>
          <ul>
            <li>Translations - Fixed the map name and branch names when changing languages.</li>
            <li>Server Validation - Fixed the validation when the mod details could not be downloaded from steam.</li>
          </ul>
          <u style="font-size: .9em;">CHANGE</u>
          <br/>
          <ul>
            <li>Server Shutdown Countdown - have removed the 4 minute, 3 minute and 2 minute broadcasts. So after the 5 minute broadcast then next one is the 1 minute broadcast.</li>
          </ul>
        </p>
      </div>
    </content>
    <author>
      <name>bletch</name>
      <email>bletch1971@hotmail.com</email>
    </author>
  </entry>

</feed>