﻿<?xml version="1.0" encoding="utf-8"?>
<feed xmlns="http://www.w3.org/2005/Atom">

  <id>urn:uuid:BE852556-BFC7-4AF2-82F3-F8A1CAF5C241</id>
  <title>Pantropy Server Manager Version Feed</title>
  <subtitle>This is the Pantropy Server Manager beta version feed.</subtitle>
  <link href="http://servermanagers.freeforums.net/" />
  <updated>2018-05-01T00:00:00Z</updated>

  <entry>
    <id>urn:uuid:1E7FCF6E-4FEE-43CA-85A7-F00A271A3CE1</id>
    <title>1.0.2 (1.0.2.4)</title>
    <summary>1.0.2.4</summary>
    <link href="http://servermanagers.freeforums.net/thread/28/1-2-test-build" />
    <updated>2018-05-01T11:10:00Z</updated>
    <content type="xhtml">
      <div xmlns="http://www.w3.org/1999/xhtml">
        <p>
          <u>BUGFIX</u>
          <br/>
          <ul>
            <li>Version Details Window - defaults to the latest version, based on date.</li>
          </ul>
        </p>
      </div>
    </content>
    <author>
      <name>bletch</name>
      <email>bletch1971@hotmail.com</email>
    </author>
  </entry>

  <entry>
    <id>urn:uuid:E5A153CC-83BF-4E97-915B-09F0CEDE177E</id>
    <title>1.0.2 (1.0.2.3)</title>
    <summary>1.0.2.3</summary>
    <link href="http://servermanagers.freeforums.net/thread/28/1-2-test-build" />
    <updated>2018-05-01T05:40:00Z</updated>
    <content type="xhtml">
      <div xmlns="http://www.w3.org/1999/xhtml">
        <p>
          <u>BUGFIX</u>
          <br/>
          <ul>
            <li>Version Details Window - fixed bug when loading version feed.</li>
          </ul>
        </p>
      </div>
    </content>
    <author>
      <name>bletch</name>
      <email>bletch1971@hotmail.com</email>
    </author>
  </entry>

  <entry>
    <id>urn:uuid:89365b13-5f8e-467e-ac54-607cea8bdfa2</id>
    <title>1.0.2 (1.0.2.2)</title>
    <summary>1.0.2.2</summary>
    <link href="http://servermanagers.freeforums.net/thread/28/1-2-test-build" />
    <updated>2018-05-01T05:30:00Z</updated>
    <content type="xhtml">
      <div xmlns="http://www.w3.org/1999/xhtml">
        <p>
          <u>NEW</u>
          <br/>
          <ul>
            <li>Version Details Window - a new window to show the version updates.</li>
          </ul>
        </p>
      </div>
    </content>
    <author>
      <name>bletch</name>
      <email>bletch1971@hotmail.com</email>
    </author>
  </entry>

  <entry>
    <id>urn:uuid:89365b13-5f8e-467e-ac54-607cea8bdfa2</id>
    <title>1.0.2 (1.0.2.1)</title>
    <summary>1.0.2.1</summary>
    <link href="http://servermanagers.freeforums.net/thread/28/1-2-test-build" />
    <updated>2018-04-30T12:00:00Z</updated>
    <content type="xhtml">
      <div xmlns="http://www.w3.org/1999/xhtml">
        <p>
          <u>NEW</u><br/>
          <ul>
            <li>Player Profile Window - a new window to show the player's details, right-click a player in the player list to access it.</li>
          </ul>
          <u>UPDATES</u><br/>
          <ul>
            <li>Server version is now updated each time the server status check is performed (approx every 5 seconds).</li>
          </ul>
        </p>
      </div>
    </content>
    <author>
      <name>bletch</name>
      <email>bletch1971@hotmail.com</email>
    </author>
  </entry>

</feed>