﻿<?xml version="1.0" encoding="utf-8"?>
<feed xmlns="http://www.w3.org/2005/Atom">

  <id>urn:uuid:BE852556-BFC7-4AF2-82F3-F8A1CAF5C241</id>
  <title>Pantropy Server Manager Version Feed</title>
  <subtitle>This is the Pantropy Server Manager beta version feed.</subtitle>
  <link href="http://servermanagers.freeforums.net/" />
  <updated>2018-05-12T02:30:00Z</updated>

  <entry>
    <id>urn:uuid:BDF13014-833D-4137-996D-43222340B420</id>
    <title>1.0.5 (1.0.5.3)</title>
    <summary>1.0.5.3</summary>
    <link href="http://servermanagers.freeforums.net/thread/31/1-5-test-build" />
    <updated>2018-05-12T02:30:00Z</updated>
    <content type="xhtml">
      <div xmlns="http://www.w3.org/1999/xhtml" style="font-family: Arial, Verdana, Helvetica, Sans-Serif;font-size: .8em;">
        <p>
          <u style="font-size: .9em;">BUGFIX</u>
          <br/>
          <ul>
            <li>SteamCMD - added a bug fix to reduce the steamcmd error when changing/removing branches.</li>
          </ul>
          <u style="font-size: .9em;">CHANGE</u>
          <br/>
          <ul>
            <li>Settings Window - minor display tweaks.</li>
          </ul>
        </p>
      </div>
    </content>
    <author>
      <name>bletch</name>
      <email>bletch1971@hotmail.com</email>
    </author>
  </entry>

  <entry>
    <id>urn:uuid:EC319D57-AF48-4431-89EA-97DD1E146B41</id>
    <title>1.0.5 (1.0.5.2)</title>
    <summary>1.0.5.2</summary>
    <link href="http://servermanagers.freeforums.net/thread/31/1-5-test-build" />
    <updated>2018-05-08T23:30:00Z</updated>
    <content type="xhtml">
      <div xmlns="http://www.w3.org/1999/xhtml" style="font-family: Arial, Verdana, Helvetica, Sans-Serif;font-size: .8em;">
        <p>
          <u style="font-size: .9em;">CHANGE</u>
          <br/>
          <ul>
            <li>Message of the Day - Added a new Lines count. Will let you know how many lines the MotD is, and will turn red when you have exceeded the visible space in game.</li>
          </ul>
        </p>
      </div>
    </content>
    <author>
      <name>bletch</name>
      <email>bletch1971@hotmail.com</email>
    </author>
  </entry>

  <entry>
    <id>urn:uuid:A4AA4EFA-9708-48AD-B169-9A427ABD65C5</id>
    <title>1.0.5 (1.0.5.1)</title>
    <summary>1.0.5.1</summary>
    <link href="http://servermanagers.freeforums.net/thread/31/1-5-test-build" />
    <updated>2018-05-09T02:10:00Z</updated>
    <content type="xhtml">
      <div xmlns="http://www.w3.org/1999/xhtml" style="font-family: Arial, Verdana, Helvetica, Sans-Serif;font-size: .8em;">
        <p>
          <u style="font-size: .9em;">CHANGE</u>
          <br/>
          <ul>
            <li>Icons - all icons have be cleaned up and updated.</li>
          </ul>
        </p>
      </div>
    </content>
    <author>
      <name>bletch</name>
      <email>bletch1971@hotmail.com</email>
    </author>
  </entry>

</feed>