﻿<?xml version="1.0" encoding="utf-8"?>
<feed xmlns="http://www.w3.org/2005/Atom">

  <id>urn:uuid:BE852556-BFC7-4AF2-82F3-F8A1CAF5C241</id>
  <title>Pantropy Server Manager Version Feed</title>
  <subtitle>This is the Pantropy Server Manager beta version feed.</subtitle>
  <link href="http://servermanagers.freeforums.net/" />
  <updated>2020-03-12T00:00:00Z</updated>

  <entry>
    <id>urn:uuid:CD977A08-1D8C-42CF-883B-FB66C5626452</id>
    <title>1.0.21 (1.0.21.1)</title>
    <summary>1.0.21.1</summary>
    <link href="" />
    <updated>2020-03-12T00:00:00Z</updated>
    <content type="xhtml">
      <div xmlns="http://www.w3.org/1999/xhtml" style="font-family: Arial, Verdana, Helvetica, Sans-Serif;font-size: .8em;">
        <p>
          <u style="font-size: .9em;">BUGFIX</u>
          <br/>
          <ul>
            <li>Game Data - have crash when loading with an invalid gamedata file.</li>
          </ul>
          <u style="font-size: .9em;">CHANGE</u>
          <br/>
          <ul>
            <li>Game Data Window - Added a validate button, to validate the user gamedata files.</li>
            <li>Game Data Window - Displays the gamedata file in Red if the file is invalid.</li>
            <li>Game Data Window - When adding a new gamedata file, will display an error if the file is invalid.</li>
          </ul>
        </p>
      </div>
    </content>
    <author>
      <name>bletch</name>
      <email>bletch1971@hotmail.com</email>
    </author>
  </entry>

</feed>