﻿<?xml version="1.0" encoding="utf-8"?>
<feed xmlns="http://www.w3.org/2005/Atom">

  <id>urn:uuid:F9268CD1-3230-46A7-BD1D-023A2620A33B</id>
  <title>Conan Server Manager Version Feed</title>
  <subtitle>This is the Conan Server Manager beta version feed.</subtitle>
  <link href="http://servermanagers.freeforums.net/" />
  <updated>2018-05-17T12:00:00Z</updated>

  <entry>
    <id>urn:uuid:D8D0BEEC-BB6A-40D2-971C-2DDA5519B4C9</id>
    <title>1.0.1 (1.0.1.7)</title>
    <summary>1.0.1.7</summary>
    <link href="http://servermanagers.freeforums.net/thread/31/1-1-test-build" />
    <updated>2018-05-17T12:00:00Z</updated>
    <content type="xhtml">
      <div xmlns="http://www.w3.org/1999/xhtml" style="font-family: Arial, Verdana, Helvetica, Sans-Serif;font-size: .8em;">
        <p>
          <u style="font-size: .9em;">CHANGE</u>
          <br/>
          <ul>
            <li>Current Version - the current version is now updated and displayed.</li>
          </ul>
        </p>
      </div>
    </content>
    <author>
      <name>bletch</name>
      <email>bletch1971@hotmail.com</email>
    </author>
  </entry>

  <entry>
    <id>urn:uuid:7AA012F1-764D-4801-B393-B4F0B228D2C6</id>
    <title>1.0.1 (1.0.1.6)</title>
    <summary>1.0.1.6</summary>
    <link href="http://servermanagers.freeforums.net/thread/31/1-1-test-build" />
    <updated>2018-05-17T10:50:00Z</updated>
    <content type="xhtml">
      <div xmlns="http://www.w3.org/1999/xhtml" style="font-family: Arial, Verdana, Helvetica, Sans-Serif;font-size: .8em;">
        <p>
          <u style="font-size: .9em;">CHANGE</u>
          <br/>
          <ul>
            <li>Profile changes - removed the duplicate INI attributes.</li>
            <li>Config File - added the URLs to the config file.</li>
            <li>Auto-Backup - removed the RCON saveworld command.</li>
          </ul>
        </p>
      </div>
    </content>
    <author>
      <name>bletch</name>
      <email>bletch1971@hotmail.com</email>
    </author>
  </entry>

  <entry>
    <id>urn:uuid:051C8D15-40D9-45D2-819F-613C49A5DB81</id>
    <title>1.0.1 (1.0.1.5)</title>
    <summary>1.0.1.5</summary>
    <link href="http://servermanagers.freeforums.net/thread/31/1-1-test-build" />
    <updated>2018-05-17T08:50:00Z</updated>
    <content type="xhtml">
      <div xmlns="http://www.w3.org/1999/xhtml" style="font-family: Arial, Verdana, Helvetica, Sans-Serif;font-size: .8em;">
        <p>
          <u style="font-size: .9em;">CHANGE</u>
          <br/>
          <ul>
            <li>Backup process - changed the backup process so it archives the game_backup_1.db file, instead of the game.db file.</li>
          </ul>
        </p>
      </div>
    </content>
    <author>
      <name>bletch</name>
      <email>bletch1971@hotmail.com</email>
    </author>
  </entry>

  <entry>
    <id>urn:uuid:7A9D6B8A-AE1F-4559-B11B-BDED97B3D8B9</id>
    <title>1.0.1 (1.0.1.4)</title>
    <summary>1.0.1.4</summary>
    <link href="http://servermanagers.freeforums.net/thread/31/1-1-test-build" />
    <updated>2018-05-17T06:00:00Z</updated>
    <content type="xhtml">
      <div xmlns="http://www.w3.org/1999/xhtml" style="font-family: Arial, Verdana, Helvetica, Sans-Serif;font-size: .8em;">
        <p>
          <u style="font-size: .9em;">BUGFIX</u>
          <br/>
          <ul>
            <li>Server Status spamming - attempt #1 to fix the server status spam being sent to the discord plugin.</li>
          </ul>
          <u style="font-size: .9em;">CHANGE</u>
          <br/>
          <ul>
            <li>Server Stop process - changed the way the server stop process is done. It is now all threaded properly and should now close down the server within 30 seconds.</li>
            <li>Server Status - when performing the manual update, the 'Updating' server status should now remain until the update process is complete. This will also keep the update and start buttons disabled.</li>
            <li>RCON Window - changed player leaving message color to MidniteBlue.</li>
          </ul>
        </p>
      </div>
    </content>
    <author>
      <name>bletch</name>
      <email>bletch1971@hotmail.com</email>
    </author>
  </entry>

  <entry>
    <id>urn:uuid:D6FF663D-550A-4A36-8C78-FF1BA695BEE8</id>
    <title>1.0.1 (1.0.1.3)</title>
    <summary>1.0.1.3</summary>
    <link href="http://servermanagers.freeforums.net/thread/31/1-1-test-build" />
    <updated>2018-05-15T02:10:00Z</updated>
    <content type="xhtml">
      <div xmlns="http://www.w3.org/1999/xhtml" style="font-family: Arial, Verdana, Helvetica, Sans-Serif;font-size: .8em;">
        <p>
          <u style="font-size: .9em;">BUGFIX</u>
          <br/>
          <ul>
            <li>Server Shutdown - when shutting down the server, if method progresses to #3 (CTRL-C), changed the code so that it no longer waits for it to finish.</li>
          </ul>
        </p>
      </div>
    </content>
    <author>
      <name>bletch</name>
      <email>bletch1971@hotmail.com</email>
    </author>
  </entry>

  <entry>
    <id>urn:uuid:53A9CA80-942D-4E92-A708-D602D11EE6FF</id>
    <title>1.0.1 (1.0.1.2)</title>
    <summary>1.0.1.2</summary>
    <link href="http://servermanagers.freeforums.net/thread/31/1-1-test-build" />
    <updated>2018-05-14T12:40:00Z</updated>
    <content type="xhtml">
      <div xmlns="http://www.w3.org/1999/xhtml" style="font-family: Arial, Verdana, Helvetica, Sans-Serif;font-size: .8em;">
        <p>
          <u style="font-size: .9em;">CHANGE</u>
          <br/>
          <ul>
            <li>Rcon support added.</li>
          </ul>
        </p>
      </div>
    </content>
    <author>
      <name>bletch</name>
      <email>bletch1971@hotmail.com</email>
    </author>
  </entry>

  <entry>
    <id>urn:uuid:9B11FEBF-FD54-4C4F-B1A4-3A9CDBAEB311</id>
    <title>1.0.1 (1.0.1.1)</title>
    <summary>1.0.1.1</summary>
    <link href="http://servermanagers.freeforums.net/thread/31/1-1-test-build" />
    <updated>2018-05-10T04:40:00Z</updated>
    <content type="xhtml">
      <div xmlns="http://www.w3.org/1999/xhtml" style="font-family: Arial, Verdana, Helvetica, Sans-Serif;font-size: .8em;">
        <p>
          <u style="font-size: .9em;">NEW</u>
          <br/>
          <ul>
            <li>Very rough version for testing purposes only.</li>
          </ul>
        </p>
      </div>
    </content>
    <author>
      <name>bletch</name>
      <email>bletch1971@hotmail.com</email>
    </author>
  </entry>

</feed>