﻿<?xml version="1.0" encoding="utf-8"?>
<feed xmlns="http://www.w3.org/2005/Atom">

  <id>urn:uuid:F9268CD1-3230-46A7-BD1D-023A2620A33B</id>
  <title>Conan Server Manager Version Feed</title>
  <subtitle>This is the Conan Server Manager beta version feed.</subtitle>
  <link href="http://servermanagers.freeforums.net/" />
  <updated>2020-04-05T02:00:00Z</updated>

  <entry>
    <id>urn:uuid:29CF912F-811B-4926-A237-2D32FC123571</id>
    <title>1.0.26 (1.0.26.2)</title>
    <summary>1.0.26.2</summary>
    <link href="" />
    <updated>2020-04-05T02:00:00Z</updated>
    <content type="xhtml">
      <div xmlns="http://www.w3.org/1999/xhtml" style="font-family: Arial, Verdana, Helvetica, Sans-Serif;font-size: .8em;">
        <p>
          <u style="font-size: .9em;">CHANGE</u>
          <br/>
          <ul>
            <li>Profile Sync Window - windows is now resizable.</li>
            <li>pt-BR Translation file added. (thanks @bruno5011)</li>
          </ul>
        </p>
      </div>
    </content>
    <author>
      <name>bletch</name>
      <email>bletch1971@hotmail.com</email>
    </author>
  </entry>

  <entry>
    <id>urn:uuid:A231F3EF-9CC8-4107-8580-1067D1C49054</id>
    <title>1.0.26 (1.0.26.1)</title>
    <summary>1.0.26.1</summary>
    <link href="" />
    <updated>2020-04-05T00:00:00Z</updated>
    <content type="xhtml">
      <div xmlns="http://www.w3.org/1999/xhtml" style="font-family: Arial, Verdana, Helvetica, Sans-Serif;font-size: .8em;">
        <p>
          <u style="font-size: .9em;">CHANGE</u>
          <br/>
          <ul>
            <li>Main Window - changed the min width to 1024 pixels.</li>
            <li>Main Window - rearranged the header section and the buttons.</li>
            <li>Slider control - changed the min width of the value field to be smaller.</li>
          </ul>
        </p>
      </div>
    </content>
    <author>
      <name>bletch</name>
      <email>bletch1971@hotmail.com</email>
    </author>
  </entry>

</feed>