﻿<?xml version="1.0" encoding="utf-8"?>
<feed xmlns="http://www.w3.org/2005/Atom">

  <id>urn:uuid:F9268CD1-3230-46A7-BD1D-023A2620A33B</id>
  <title>Conan Server Manager Version Feed</title>
  <subtitle>This is the Conan Server Manager beta version feed.</subtitle>
  <link href="http://servermanagers.freeforums.net/" />
  <updated>2020-07-12T00:00:00Z</updated>

  <entry>
    <id>urn:uuid:45292341-D95A-42CE-88AB-C7B5E34AFAF9</id>
    <title>1.1.40 (1.1.40.1)</title>
    <summary>1.1.40.1</summary>
    <link href="" />
    <updated>2020-07-12T00:00:00Z</updated>
    <content type="xhtml">
      <div xmlns="http://www.w3.org/1999/xhtml" style="font-family: Arial, Verdana, Helvetica, Sans-Serif;font-size: .8em;">
        <p>
          <u style="font-size: .9em;">CHANGE</u>
          <br/>
          <ul>
            <li>Changed the shutdown timer alert interval from always 5 minutes, to a varying scale base on remaining time. Eg. 60 minute shutdown timer will only alert at these times - 60, 30, 15, 10, 5, 4 ,3, 2, 1.</li>
          </ul>
        </p>
      </div>
    </content>
    <author>
      <name>bletch</name>
      <email>bletch1971@hotmail.com</email>
    </author>
  </entry>

</feed>