﻿<?xml version="1.0" encoding="utf-8"?>
<feed xmlns="http://www.w3.org/2005/Atom">

  <id>urn:uuid:F9268CD1-3230-46A7-BD1D-023A2620A33B</id>
  <title>Conan Server Manager Version Feed</title>
  <subtitle>This is the Conan Server Manager beta version feed.</subtitle>
  <link href="http://servermanagers.freeforums.net/" />
  <updated>2020-07-13T00:00:00Z</updated>

  <entry>
    <id>urn:uuid:1C99C798-11ED-4D57-A661-423D30D8B9AA</id>
    <title>1.1.41 (1.1.41.1)</title>
    <summary>1.1.41.1</summary>
    <link href="" />
    <updated>2020-07-13T00:00:00Z</updated>
    <content type="xhtml">
      <div xmlns="http://www.w3.org/1999/xhtml" style="font-family: Arial, Verdana, Helvetica, Sans-Serif;font-size: .8em;">
        <p>
          <u style="font-size: .9em;">NEW</u>
          <br/>
          <ul>
            <li>Added a new server manager updater check, when performing an upgrade of the server manager.</li>
            <li>Added a new directory check when selecting the data directory, to make sure it is not underneath the installation folder.</li>
          </ul>
        </p>
      </div>
    </content>
    <author>
      <name>bletch</name>
      <email>bletch1971@hotmail.com</email>
    </author>
  </entry>

</feed>