﻿<?xml version="1.0" encoding="utf-8"?>
<feed xmlns="http://www.w3.org/2005/Atom">

  <id>urn:uuid:F9268CD1-3230-46A7-BD1D-023A2620A33B</id>
  <title>Conan Server Manager Version Feed</title>
  <subtitle>This is the Conan Server Manager beta version feed.</subtitle>
  <link href="http://servermanagers.freeforums.net/" />
  <updated>2020-07-11T00:00:00Z</updated>

  <entry>
    <id>urn:uuid:67EB8866-165D-4B48-903F-D96F7DB52799</id>
    <title>1.1.38 (1.1.38.13)</title>
    <summary>1.1.38.13</summary>
    <link href="" />
    <updated>2020-07-11T00:00:00Z</updated>
    <content type="xhtml">
      <div xmlns="http://www.w3.org/1999/xhtml" style="font-family: Arial, Verdana, Helvetica, Sans-Serif;font-size: .8em;">
        <p>
          <u style="font-size: .9em;">CHANGE</u>
          <br/>
          <ul>
            <li>Changed the ini section names constants, so they are clearer.</li>
          </ul>
        </p>
      </div>
    </content>
    <author>
      <name>bletch</name>
      <email>bletch1971@hotmail.com</email>
    </author>
  </entry>

  <entry>
    <id>urn:uuid:67EB8866-165D-4B48-903F-D96F7DB52799</id>
    <title>1.1.38 (1.1.38.12)</title>
    <summary>1.1.38.12</summary>
    <link href="" />
    <updated>2020-07-07T03:00:00Z</updated>
    <content type="xhtml">
      <div xmlns="http://www.w3.org/1999/xhtml" style="font-family: Arial, Verdana, Helvetica, Sans-Serif;font-size: .8em;">
        <p>
          <u style="font-size: .9em;">BUGFIX</u>
          <br/>
          <ul>
            <li>Fixed the online player count.</li>
          </ul>
        </p>
      </div>
    </content>
    <author>
      <name>bletch</name>
      <email>bletch1971@hotmail.com</email>
    </author>
  </entry>

  <entry>
    <id>urn:uuid:264A3E3E-0361-474E-820D-BB77132A6919</id>
    <title>1.1.38 (1.1.38.11)</title>
    <summary>1.1.38.11</summary>
    <link href="" />
    <updated>2020-07-07T02:00:00Z</updated>
    <content type="xhtml">
      <div xmlns="http://www.w3.org/1999/xhtml" style="font-family: Arial, Verdana, Helvetica, Sans-Serif;font-size: .8em;">
        <p>
          <u style="font-size: .9em;">BUGFIX</u>
          <br/>
          <ul>
            <li>Fixed player and tribe windows.</li>
          </ul>
        </p>
      </div>
    </content>
    <author>
      <name>bletch</name>
      <email>bletch1971@hotmail.com</email>
    </author>
  </entry>

  <entry>
    <id>urn:uuid:45313067-F58E-4356-8F4C-5149D2920527</id>
    <title>1.1.38 (1.1.38.10)</title>
    <summary>1.1.38.10</summary>
    <link href="" />
    <updated>2020-07-07T00:00:00Z</updated>
    <content type="xhtml">
      <div xmlns="http://www.w3.org/1999/xhtml" style="font-family: Arial, Verdana, Helvetica, Sans-Serif;font-size: .8em;">
        <p>
          <u style="font-size: .9em;">CHANGE</u>
          <br/>
          <ul>
            <li>Changed the database schema, so the player and tribe loading works again.</li>
            <li>Updated QueryMaster to handle missing message parts, when querying the server.</li>
          </ul>
        </p>
      </div>
    </content>
    <author>
      <name>bletch</name>
      <email>bletch1971@hotmail.com</email>
    </author>
  </entry>

  <entry>
    <id>urn:uuid:9A0BF0A6-79EC-413B-9EBA-BBB3D9F14CBC</id>
    <title>1.1.38 (1.1.38.9)</title>
    <summary>1.1.38.9</summary>
    <link href="" />
    <updated>2020-06-18T00:00:00Z</updated>
    <content type="xhtml">
      <div xmlns="http://www.w3.org/1999/xhtml" style="font-family: Arial, Verdana, Helvetica, Sans-Serif;font-size: .8em;">
        <p>
          <u style="font-size: .9em;">BUGFIX</u>
          <br/>
          <ul>
            <li>Added Whitelist checkbox to the sync.</li>
          </ul>
        </p>
      </div>
    </content>
    <author>
      <name>bletch</name>
      <email>bletch1971@hotmail.com</email>
    </author>
  </entry>

  <entry>
    <id>urn:uuid:0868D002-41B1-4397-89BD-A3CCDE30F240</id>
    <title>1.1.38 (1.1.38.8)</title>
    <summary>1.1.38.8</summary>
    <link href="" />
    <updated>2020-06-17T00:00:00Z</updated>
    <content type="xhtml">
      <div xmlns="http://www.w3.org/1999/xhtml" style="font-family: Arial, Verdana, Helvetica, Sans-Serif;font-size: .8em;">
        <p>
          <u style="font-size: .9em;">BUGFIX</u>
          <br/>
          <ul>
            <li>Fixed online players in RCON window.</li>
          </ul>
        </p>
      </div>
    </content>
    <author>
      <name>bletch</name>
      <email>bletch1971@hotmail.com</email>
    </author>
  </entry>

  <entry>
    <id>urn:uuid:7D5892C3-424D-4548-964F-4957135D5ECD</id>
    <title>1.1.38 (1.1.38.7)</title>
    <summary>1.1.38.7</summary>
    <link href="" />
    <updated>2020-06-15T07:00:00Z</updated>
    <content type="xhtml">
      <div xmlns="http://www.w3.org/1999/xhtml" style="font-family: Arial, Verdana, Helvetica, Sans-Serif;font-size: .8em;">
        <p>
          <u style="font-size: .9em;">BUGFIX</u>
          <br/>
          <ul>
            <li>Fixed player id tooltip when hovering over player name in rcon player list.</li>
          </ul>
        </p>
      </div>
    </content>
    <author>
      <name>bletch</name>
      <email>bletch1971@hotmail.com</email>
    </author>
  </entry>

  <entry>
    <id>urn:uuid:22806D30-D26F-4F44-B3EC-F16E6E5BF135</id>
    <title>1.1.38 (1.1.38.6)</title>
    <summary>1.1.38.6</summary>
    <link href="" />
    <updated>2020-06-15T06:00:00Z</updated>
    <content type="xhtml">
      <div xmlns="http://www.w3.org/1999/xhtml" style="font-family: Arial, Verdana, Helvetica, Sans-Serif;font-size: .8em;">
        <p>
          <u style="font-size: .9em;">BUGFIX</u>
          <br/>
          <ul>
            <li>Fixed the shutdown window bug.</li>
          </ul>
        </p>
      </div>
    </content>
    <author>
      <name>bletch</name>
      <email>bletch1971@hotmail.com</email>
    </author>
  </entry>

  <entry>
    <id>urn:uuid:1F94ECD7-3672-49D5-BE8E-AF6EBD2FB44D</id>
    <title>1.1.38 (1.1.38.5)</title>
    <summary>1.1.38.5</summary>
    <link href="" />
    <updated>2020-06-15T05:00:00Z</updated>
    <content type="xhtml">
      <div xmlns="http://www.w3.org/1999/xhtml" style="font-family: Arial, Verdana, Helvetica, Sans-Serif;font-size: .8em;">
        <p>
          <u style="font-size: .9em;">CHANGE</u>
          <br/>
          <ul>
            <li>Changed the Server Files section to be generic.</li>
          </ul>
        </p>
      </div>
    </content>
    <author>
      <name>bletch</name>
      <email>bletch1971@hotmail.com</email>
    </author>
  </entry>

  <entry>
    <id>urn:uuid:53BE937E-FF6B-4290-BDAF-892D41D9561B</id>
    <title>1.1.38 (1.1.38.4)</title>
    <summary>1.1.38.4</summary>
    <link href="" />
    <updated>2020-06-15T04:00:00Z</updated>
    <content type="xhtml">
      <div xmlns="http://www.w3.org/1999/xhtml" style="font-family: Arial, Verdana, Helvetica, Sans-Serif;font-size: .8em;">
        <p>
          <u style="font-size: .9em;">CHANGE</u>
          <br/>
          <ul>
            <li>Removed all steam related features from PlayerList/Rcon windows.</li>
            <li>Fixed loaded EPIC player profiles in PlayerList/Rcon windows.</li>
            <li>Removed steam details from Player window.</li>
          </ul>
        </p>
      </div>
    </content>
    <author>
      <name>bletch</name>
      <email>bletch1971@hotmail.com</email>
    </author>
  </entry>

  <entry>
    <id>urn:uuid:B113D82B-0E58-40A7-A21B-A469B91A6698</id>
    <title>1.1.38 (1.1.38.3)</title>
    <summary>1.1.38.3</summary>
    <link href="" />
    <updated>2020-06-15T03:00:00Z</updated>
    <content type="xhtml">
      <div xmlns="http://www.w3.org/1999/xhtml" style="font-family: Arial, Verdana, Helvetica, Sans-Serif;font-size: .8em;">
        <p>
          <u style="font-size: .9em;">NEW</u>
          <br/>
          <ul>
            <li>Global Settings - Shutdown Options - Have added a new setting to disable the online player check when shutting down the server.</li>
            <li>Shutdown Window - Have added a new setting to disable the online player check when shutting down the server.</li>
          </ul>
        </p>
      </div>
    </content>
    <author>
      <name>bletch</name>
      <email>bletch1971@hotmail.com</email>
    </author>
  </entry>

  <entry>
    <id>urn:uuid:23DBBA6F-66DA-49D4-BBCE-DB2C48D97D40</id>
    <title>1.1.38 (1.1.38.2)</title>
    <summary>1.1.38.2</summary>
    <link href="" />
    <updated>2020-06-15T00:00:00Z</updated>
    <content type="xhtml">
      <div xmlns="http://www.w3.org/1999/xhtml" style="font-family: Arial, Verdana, Helvetica, Sans-Serif;font-size: .8em;">
        <p>
          <u style="font-size: .9em;">CHANGE</u>
          <br/>
          <ul>
            <li>Remove the avatar images from the player/rcon list.</li>
            <li>Removed the map from the profile sync.</li>
          </ul>
        </p>
      </div>
    </content>
    <author>
      <name>bletch</name>
      <email>bletch1971@hotmail.com</email>
    </author>
  </entry>

  <entry>
    <id>urn:uuid:C8612D41-184B-4A9E-9780-457B0337CD33</id>
    <title>1.1.38 (1.1.38.1)</title>
    <summary>1.1.38.1</summary>
    <link href="" />
    <updated>2020-06-12T00:00:00Z</updated>
    <content type="xhtml">
      <div xmlns="http://www.w3.org/1999/xhtml" style="font-family: Arial, Verdana, Helvetica, Sans-Serif;font-size: .8em;">
        <p>
          <u style="font-size: .9em;">CHANGE</u>
          <br/>
          <ul>
            <li>Globalisation - added some additional strings to the globalisation files.</li>
          </ul>
        </p>
      </div>
    </content>
    <author>
      <name>bletch</name>
      <email>bletch1971@hotmail.com</email>
    </author>
  </entry>

</feed>