﻿<?xml version="1.0" encoding="utf-8"?>
<feed xmlns="http://www.w3.org/2005/Atom">

  <id>urn:uuid:F9268CD1-3230-46A7-BD1D-023A2620A33B</id>
  <title>Conan Server Manager Version Feed</title>
  <subtitle>This is the Conan Server Manager beta version feed.</subtitle>
  <link href="http://servermanagers.freeforums.net/" />
  <updated>2020-04-04T00:00:00Z</updated>

  <entry>
    <id>urn:uuid:EF91C5B7-05CE-4FD9-9CD1-AC5D37DEEB59</id>
    <title>1.0.25 (1.0.25.1)</title>
    <summary>1.0.25.1</summary>
    <link href="" />
    <updated>2020-04-04T00:00:00Z</updated>
    <content type="xhtml">
      <div xmlns="http://www.w3.org/1999/xhtml" style="font-family: Arial, Verdana, Helvetica, Sans-Serif;font-size: .8em;">
        <p>
          <u style="font-size: .9em;">BUGFIX</u>
          <br/>
          <ul>
            <li>RCON Window - Fixed the overlay, so that is can be used again.</li>
          </ul>
          <u style="font-size: .9em;">NEW</u>
          <br/>
          <ul>
            <li>pt-BR Translation file added. (thanks @bruno5011)</li>
          </ul>
        </p>
      </div>
    </content>
    <author>
      <name>bletch</name>
      <email>bletch1971@hotmail.com</email>
    </author>
  </entry>

</feed>