﻿<?xml version="1.0" encoding="utf-8"?>
<feed xmlns="http://www.w3.org/2005/Atom">

  <id>urn:uuid:F9268CD1-3230-46A7-BD1D-023A2620A33B</id>
  <title>Conan Server Manager Version Feed</title>
  <subtitle>This is the Conan Server Manager beta version feed.</subtitle>
  <link href="http://servermanagers.freeforums.net/" />
  <updated>2020-03-13T01:00:00Z</updated>

  <entry>
    <id>urn:uuid:31ADFA50-7AE3-4618-AB7E-94FA18FC0B0B</id>
    <title>1.0.21 (1.0.21.2)</title>
    <summary>1.0.21.2</summary>
    <link href="" />
    <updated>2020-03-13T01:00:00Z</updated>
    <content type="xhtml">
      <div xmlns="http://www.w3.org/1999/xhtml" style="font-family: Arial, Verdana, Helvetica, Sans-Serif;font-size: .8em;">
        <p>
          <u style="font-size: .9em;">BUGFIX</u>
          <br/>
          <ul>
            <li>Server Monitor Window - fixed icon and tooltip on the player list/rcon button.</li>
          </ul>
        </p>
      </div>
    </content>
    <author>
      <name>bletch</name>
      <email>bletch1971@hotmail.com</email>
    </author>
  </entry>

  <entry>
    <id>urn:uuid:0DB80A69-BA80-4451-A3C2-58C1918F5FBA</id>
    <title>1.0.21 (1.0.21.1)</title>
    <summary>1.0.21.1</summary>
    <link href="" />
    <updated>2020-03-13T00:00:00Z</updated>
    <content type="xhtml">
      <div xmlns="http://www.w3.org/1999/xhtml" style="font-family: Arial, Verdana, Helvetica, Sans-Serif;font-size: .8em;">
        <p>
          <u style="font-size: .9em;">New</u>
          <br/>
          <ul>
            <li>Main Window - the main window now stores the height and width of the window.</li>
            <li>Main Window - new button (top right corner) to open the new Server Monitor window.</li>
            <li>Server Monitor Window - new window that shows all you servers in one form. Allows you to Start, Stop, Update/Verify and open the Player List or RCON Windows.</li>
            <li>Server Monitor Window - includes a button to create a shortcut on your desktop that can start the Server Monitor directly, without the server manager.</li>
          </ul>
        </p>
      </div>
    </content>
    <author>
      <name>bletch</name>
      <email>bletch1971@hotmail.com</email>
    </author>
  </entry>

</feed>