﻿<?xml version="1.0" encoding="utf-8"?>
<feed xmlns="http://www.w3.org/2005/Atom">

  <id>urn:uuid:F9268CD1-3230-46A7-BD1D-023A2620A33B</id>
  <title>Conan Server Manager Version Feed</title>
  <subtitle>This is the Conan Server Manager beta version feed.</subtitle>
  <link href="http://servermanagers.freeforums.net/" />
  <updated>2020-06-11T12:00:00Z</updated>

  <entry>
    <id>urn:uuid:3BF2385D-97ED-48C9-890E-E76F740B4EBB</id>
    <title>1.1.37 (1.1.37.1)</title>
    <summary>1.1.37.1</summary>
    <link href="" />
    <updated>2020-06-11T12:00:00Z</updated>
    <content type="xhtml">
      <div xmlns="http://www.w3.org/1999/xhtml" style="font-family: Arial, Verdana, Helvetica, Sans-Serif;font-size: .8em;">
        <p>
          <u style="font-size: .9em;">BUGFIX</u>
          <br/>
          <ul>
            <li>Mod Details Window - fixed bug when clicking save button.</li>
          </ul>
        </p>
      </div>
    </content>
    <author>
      <name>bletch</name>
      <email>bletch1971@hotmail.com</email>
    </author>
  </entry>

</feed>