﻿<?xml version="1.0" encoding="utf-8"?>
<feed xmlns="http://www.w3.org/2005/Atom">

  <id>urn:uuid:F9268CD1-3230-46A7-BD1D-023A2620A33B</id>
  <title>Conan Server Manager Version Feed</title>
  <subtitle>This is the Conan Server Manager beta version feed.</subtitle>
  <link href="http://servermanagers.freeforums.net/" />
  <updated>2020-04-06T12:00:00Z</updated>

  <entry>
    <id>urn:uuid:E797A3E2-5708-422A-808B-48DBA55B3FB0</id>
    <title>1.1.27 (1.1.27.1)</title>
    <summary>1.1.27.1</summary>
    <link href="" />
    <updated>2020-04-06T12:00:00Z</updated>
    <content type="xhtml">
      <div xmlns="http://www.w3.org/1999/xhtml" style="font-family: Arial, Verdana, Helvetica, Sans-Serif;font-size: .8em;">
        <p>
          <u style="font-size: .9em;">CHANGE</u>
          <br/>
          <ul>
            <li>Server Manager Profiles - Have changed the name of the profile files to be the profile id. This is to prevent profile name clashes.</li>
            <li>Server Manager Profiles - Have removed the config file backups in the profiles folder. These files were never used and a pain to maintain.</li>
            <li>Server Manager Logging - All logging now uses the profile id as the folder/filenames.</li>
          </ul>
        </p>
      </div>
    </content>
    <author>
      <name>bletch</name>
      <email>bletch1971@hotmail.com</email>
    </author>
  </entry>

</feed>