﻿<?xml version="1.0" encoding="utf-8"?>
<feed xmlns="http://www.w3.org/2005/Atom">

  <id>urn:uuid:9EF03FB7-4958-4B39-808A-12B8E4008510</id>
  <title>Conan Server Manager Version Feed</title>
  <subtitle>This is the Conan Server Manager release version feed.</subtitle>
  <link href="http://servermanagers.freeforums.net/" />
  <updated>2018-05-19T02:50:00Z</updated>

  <entry>
    <id>urn:uuid:CEC7E44F-F552-4CB0-8EBC-4122347D4B1A</id>
    <title>1.0.2 (1.0.2.2)</title>
    <summary>1.0.2.2</summary>
    <link href="http://servermanagers.freeforums.net/thread/9/downloads" />
    <updated>2018-05-19T02:50:00Z</updated>
    <content type="xhtml">
      <div xmlns="http://www.w3.org/1999/xhtml" style="font-family: Arial, Verdana, Helvetica, Sans-Serif;font-size: .8em;">
        <p>
          <u style="font-size: .9em;">BUGFIX</u>
          <br/>
          <ul>
            <li>MOD Path - manual and auto updates now use the same path method.</li>
          </ul>
          <u style="font-size: .9em;">CHANGE</u>
          <br/>
          <ul>
            <li>Shutdown/Save Commands - moved them to the config file.</li>
          </ul>
        </p>
      </div>
    </content>
    <author>
      <name>bletch</name>
      <email>bletch1971@hotmail.com</email>
    </author>
  </entry>

  <entry>
    <id>urn:uuid:5E30B739-D598-4E69-AB14-361B2676447A</id>
    <title>1.0.1 (1.0.1.7)</title>
    <summary>1.0.1.7</summary>
    <link href="http://servermanagers.freeforums.net/thread/9/downloads" />
    <updated>2018-05-17T08:50:00Z</updated>
    <content type="xhtml">
      <div xmlns="http://www.w3.org/1999/xhtml" style="font-family: Arial, Verdana, Helvetica, Sans-Serif;font-size: .8em;">
        <p>
          <u style="font-size: .9em;">NEW</u>
          <br/>
          <ul>
            <li>Very rough version for testing purposes only.</li>
          </ul>
        </p>
      </div>
    </content>
    <author>
      <name>bletch</name>
      <email>bletch1971@hotmail.com</email>
    </author>
  </entry>

</feed>