﻿<?xml version="1.0" encoding="utf-8"?>
<feed xmlns="http://www.w3.org/2005/Atom">

  <id>urn:uuid:F9268CD1-3230-46A7-BD1D-023A2620A33B</id>
  <title>Conan Server Manager Version Feed</title>
  <subtitle>This is the Conan Server Manager beta version feed.</subtitle>
  <link href="http://servermanagers.freeforums.net/" />
  <updated>2018-05-19T02:50:00Z</updated>

  <entry>
    <id>urn:uuid:8D96F431-86DE-4A9B-93BC-A6CDA277F413</id>
    <title>1.0.2 (1.0.2.2)</title>
    <summary>1.0.2.2</summary>
    <link href="http://servermanagers.freeforums.net/thread/31/1-1-test-build" />
    <updated>2018-05-19T02:50:00Z</updated>
    <content type="xhtml">
      <div xmlns="http://www.w3.org/1999/xhtml" style="font-family: Arial, Verdana, Helvetica, Sans-Serif;font-size: .8em;">
        <p>
          <u style="font-size: .9em;">BUGFIX</u>
          <br/>
          <ul>
            <li>MOD Path - manual and auto updates now use the same path method.</li>
          </ul>
        </p>
      </div>
    </content>
    <author>
      <name>bletch</name>
      <email>bletch1971@hotmail.com</email>
    </author>
  </entry>

  <entry>
    <id>urn:uuid:9B11FEBF-FD54-4C4F-B1A4-3A9CDBAEB311</id>
    <title>1.0.2 (1.0.2.1)</title>
    <summary>1.0.2.1</summary>
    <link href="http://servermanagers.freeforums.net/thread/31/1-1-test-build" />
    <updated>2018-05-18T07:00:00Z</updated>
    <content type="xhtml">
      <div xmlns="http://www.w3.org/1999/xhtml" style="font-family: Arial, Verdana, Helvetica, Sans-Serif;font-size: .8em;">
        <p>
          <u style="font-size: .9em;">CHANGE</u>
          <br/>
          <ul>
            <li>Shutdown/Save Commands - moved them to the config file.</li>
          </ul>
        </p>
      </div>
    </content>
    <author>
      <name>bletch</name>
      <email>bletch1971@hotmail.com</email>
    </author>
  </entry>

</feed>