﻿<?xml version="1.0" encoding="utf-8"?>
<feed xmlns="http://www.w3.org/2005/Atom">

  <id>urn:uuid:BE852556-BFC7-4AF2-82F3-F8A1CAF5C241</id>
  <title>Pantropy Server Manager Version Feed</title>
  <subtitle>This is the Pantropy Server Manager beta version feed.</subtitle>
  <link href="http://servermanagers.freeforums.net/" />
  <updated>2018-05-06T00:00:00Z</updated>

  <entry>
    <id>urn:uuid:C7981893-B948-4061-A565-33EB18C52592</id>
    <title>1.0.3 (1.0.3.5)</title>
    <summary>1.0.3.5</summary>
    <link href="http://servermanagers.freeforums.net/thread/29/1-3-test-build" />
    <updated>2018-05-06T00:00:00Z</updated>
    <content type="xhtml">
      <div xmlns="http://www.w3.org/1999/xhtml" style="font-family: Arial, Verdana, Helvetica, Sans-Serif;font-size: .8em;">
        <p>
          <u style="font-size: .9em;">BUGFIX</u>
          <br/>
          <ul>
            <li>Player List - some minor tweaks to the player list loading.</li>
          </ul>
        </p>
      </div>
    </content>
    <author>
      <name>bletch</name>
      <email>bletch1971@hotmail.com</email>
    </author>
  </entry>

  <entry>
    <id>urn:uuid:FD2C1569-4B6A-4F3C-BA50-6A2BEA10E55C</id>
    <title>1.0.3 (1.0.3.4)</title>
    <summary>1.0.3.4</summary>
    <link href="http://servermanagers.freeforums.net/thread/29/1-3-test-build" />
    <updated>2018-05-05T02:15:00Z</updated>
    <content type="xhtml">
      <div xmlns="http://www.w3.org/1999/xhtml" style="font-family: Arial, Verdana, Helvetica, Sans-Serif;font-size: .8em;">
        <p>
          <u style="font-size: .9em;">BUGFIX</u>
          <br/>
          <ul>
            <li>Player List - removed possible player details reset.</li>
          </ul>
        </p>
      </div>
    </content>
    <author>
      <name>bletch</name>
      <email>bletch1971@hotmail.com</email>
    </author>
  </entry>

  <entry>
    <id>urn:uuid:CAD2E50C-0177-48CA-8023-1F1A4BD17F3E</id>
    <title>1.0.3 (1.0.3.3)</title>
    <summary>1.0.3.3</summary>
    <link href="http://servermanagers.freeforums.net/thread/29/1-3-test-build" />
    <updated>2018-05-04T09:50:00Z</updated>
    <content type="xhtml">
      <div xmlns="http://www.w3.org/1999/xhtml" style="font-family: Arial, Verdana, Helvetica, Sans-Serif;font-size: .8em;">
        <p>
          <u style="font-size: .9em;">BUGFIX</u>
          <br/>
          <ul>
            <li>Player List - rewrote the reading of the player and tribe profile files and request player data from steam.</li>
          </ul>
        </p>
      </div>
    </content>
    <author>
      <name>bletch</name>
      <email>bletch1971@hotmail.com</email>
    </author>
  </entry>

  <entry>
    <id>urn:uuid:DDBB5F33-FD44-4AF4-8F9C-7CEBC3E896DA</id>
    <title>1.0.3 (1.0.3.2)</title>
    <summary>1.0.3.2</summary>
    <link href="http://servermanagers.freeforums.net/thread/29/1-3-test-build" />
    <updated>2018-05-03T05:30:00Z</updated>
    <content type="xhtml">
      <div xmlns="http://www.w3.org/1999/xhtml" style="font-family: Arial, Verdana, Helvetica, Sans-Serif;font-size: .8em;">
        <p>
          <u style="font-size: .9em;">CHANGE</u>
          <br/>
          <ul>
            <li>Player List - removed players from list when the player profile no longer exists.</li>
          </ul>
        </p>
      </div>
    </content>
    <author>
      <name>bletch</name>
      <email>bletch1971@hotmail.com</email>
    </author>
  </entry>

  <entry>
    <id>urn:uuid:3FD4FB26-18C1-40C6-A2C2-D26753FE52A2</id>
    <title>1.0.3 (1.0.3.1)</title>
    <summary>1.0.3.1</summary>
    <link href="http://servermanagers.freeforums.net/thread/29/1-3-test-build" />
    <updated>2018-05-03T03:40:00Z</updated>
    <content type="xhtml">
      <div xmlns="http://www.w3.org/1999/xhtml" style="font-family: Arial, Verdana, Helvetica, Sans-Serif;font-size: .8em;">
        <p>
          <u style="font-size: .9em;">BUGFIX</u>
          <br/>
          <ul>
            <li>Player List - Fixed player list showing players as Invalid.</li>
            <li>Player List - Fixed player list showing duplicate player profiles.</li>
          </ul>
        </p>
      </div>
    </content>
    <author>
      <name>bletch</name>
      <email>bletch1971@hotmail.com</email>
    </author>
  </entry>

</feed>