﻿<?xml version="1.0" encoding="utf-8"?>
<feed xmlns="http://www.w3.org/2005/Atom">

  <id>urn:uuid:BE852556-BFC7-4AF2-82F3-F8A1CAF5C241</id>
  <title>Pantropy Server Manager Version Feed</title>
  <subtitle>This is the Pantropy Server Manager beta version feed.</subtitle>
  <link href="http://servermanagers.freeforums.net/" />
  <updated>2018-05-24T23:00:00Z</updated>

  <entry>
    <id>urn:uuid:A97519FC-CB91-4AB9-9BA5-5F263D6950AA</id>
    <title>1.0.8 (1.0.8.4)</title>
    <summary>1.0.8.4</summary>
    <link href="" />
    <updated>2018-05-24T23:00:00Z</updated>
    <content type="xhtml">
      <div xmlns="http://www.w3.org/1999/xhtml" style="font-family: Arial, Verdana, Helvetica, Sans-Serif;font-size: .8em;">
        <p>
          <u style="font-size: .9em;">NEW</u>
          <br/>
          <ul>
            <li>
              Server Status Options - added two new options to the global settings.<br/>
              1. Enable Server Status Actions - will enabled/disable to ability to perform an action when clicking on the server status icon.<br/>
              2. Show Server Status Action Confirmation - will enabled/disable the display of a confirmation dialogue when an action is performed.
            </li>
          </ul>
          <u style="font-size: .9em;">CHANGE</u>
          <br/>
          <ul>
            <li>When starting the server using the server status icon, the server status to set to 'Initializing' so that only one instance is started.</li>
            <li>When shutting down the server using the server status icon, the server status to set to 'Stopping' so that only one instance of the shutdown form is shown.</li>
          </ul>
        </p>
      </div>
    </content>
    <author>
      <name>bletch</name>
      <email>bletch1971@hotmail.com</email>
    </author>
  </entry>

  <entry>
    <id>urn:uuid:D0E9F84B-8AB0-41F0-B5CF-7B79B367DD4D</id>
    <title>1.0.8 (1.0.8.3)</title>
    <summary>1.0.8.3</summary>
    <link href="" />
    <updated>2018-05-24T07:40:00Z</updated>
    <content type="xhtml">
      <div xmlns="http://www.w3.org/1999/xhtml" style="font-family: Arial, Verdana, Helvetica, Sans-Serif;font-size: .8em;">
        <p>
          <u style="font-size: .9em;">CHANGE</u>
          <br/>
          <ul>
            <li>Profile Tabs - changed server status indicator buttons to the profile tabs for quick reference and ability to Start/Stop the server.</li>
          </ul>
        </p>
      </div>
    </content>
    <author>
      <name>bletch</name>
      <email>bletch1971@hotmail.com</email>
    </author>
  </entry>

  <entry>
    <id>urn:uuid:E18BE64C-A2C8-4AE2-94E1-019DEDD03845</id>
    <title>1.0.8 (1.0.8.2)</title>
    <summary>1.0.8.2</summary>
    <link href="" />
    <updated>2018-05-24T00:20:00Z</updated>
    <content type="xhtml">
      <div xmlns="http://www.w3.org/1999/xhtml" style="font-family: Arial, Verdana, Helvetica, Sans-Serif;font-size: .8em;">
        <p>
          <u style="font-size: .9em;">CHANGE</u>
          <br/>
          <ul>
            <li>DotNet Framework updated</li>
          </ul>
        </p>
      </div>
    </content>
    <author>
      <name>bletch</name>
      <email>bletch1971@hotmail.com</email>
    </author>
  </entry>

  <entry>
    <id>urn:uuid:A4AA4EFA-9708-48AD-B169-9A427ABD65C5</id>
    <title>1.0.8 (1.0.8.1)</title>
    <summary>1.0.8.1</summary>
    <link href="" />
    <updated>2018-05-23T10:30:00Z</updated>
    <content type="xhtml">
      <div xmlns="http://www.w3.org/1999/xhtml" style="font-family: Arial, Verdana, Helvetica, Sans-Serif;font-size: .8em;">
        <p>
          <u style="font-size: .9em;">NEW</u>
          <br/>
          <ul>
            <li>Profile Tabs - added server status indicator icons to the profile tabs for quick reference.</li>
          </ul>
          <u style="font-size: .9em;">CHANGE</u>
          <br/>
          <ul>
            <li>MotD Duration Label - fixed motd duration label format.</li>
            <li>Global Settings - fixed shutdown command option tooltip.</li>
            <li>Log folder creation - added exists check when creating the Logs folder.</li>
          </ul>
        </p>
      </div>
    </content>
    <author>
      <name>bletch</name>
      <email>bletch1971@hotmail.com</email>
    </author>
  </entry>

</feed>